bid_id,vendor_name,vendor_rank,vendor_price,price_raw,status_flag
9315620,ALTAF H VALI Under PMA,,,,N/A
9315620,GUPTA STUDIO PRIVATE LIMITED Under PMA,,,,N/A
9315620,M/S INFINITY Under PMA,,,,N/A
9315620,UNIVERSAL TRADING CO. Under PMA,,,,N/A
9315620,VSM TECHNOLOGIES PRIVATE LIMITED Under PMA,,,,N/A
9257309,SWASTIKA HEALTH CENTER Under PMA,,,,N/A
9257289,SWASTIKA HEALTH CENTER Under PMA,,,,N/A
9172466,Apex Enterprises Under PMA,,,,Registered with designated Agency / Authority
9172466,BHAGWATI ENTERPRISES Under PMA,,,,Registered with designated Agency / Authority
9172466,DEE MANNEQUIN Under PMA,,,,Registered with designated Agency / Authority
9172466,FAIR DEAL SALES CORPORATION Under PMA,,,,Registered with designated Agency / Authority
9172466,IDEATE & INNOVATE PRIVATE LIMITED Under PMA,,,,Registered with designated Agency / Authority
9172466,M/S NAMAN ENTERPRISES Under PMA,,,,Registered with designated Agency / Authority
9172466,P.S.UDHYOG Under PMA,,,,Offline upload
9172466,POOJA INTERNATIONAL Under PMA,,,,Registered with designated Agency / Authority
9172466,SIDRA SYSTEM & SOLUTION LLP Under PMA,,,,Start-up
9286829,DEVYANSH INFRA TECHNOLOGY Under PMA,,,,MSE
9286829,KHANNA TRADER Under PMA,,,,MSE
9286829,S K TRADERS Under PMA,,,,MSE
9286776,LAXMI ENTERPRISES Under PMA,,,,N/A
9286776,M/S NAVEEN TRADERS Under PMA,,,,N/A
9286776,MISSAMARI TRADERS Under PMA,,,,N/A
9286776,SANGHU ENERGY SAVING SYSTEMS PRIVATE LIMITED Under PMA,,,,N/A
9286776,SHRI KEDAR TRADERS Under PMA,,,,N/A
9286749,ANJANEY HYDRAULIC SOLUTIONS Under PMA,,,,MII MSE
9286749,EAGLE EARTHMOVERS Under PMA,,,,MII MSE
9286749,M/S KUBER TRADING COMPANY Under PMA,,,,MII MSE
9320866,"GURU KARTAR PACKAGINGS (MSE,MII) Under PMA",L1,19358868.2,` 19358868.20,
9320866,"GCS PROTECH ENGINEERING PRIVATE LIMITED (MSE,MII) Under PMA",L2,19592611.0,` 19592611.00 (Bid Price),
9320866,"UNIVERSAL PRODUCTS(INDIA) (MSE,MII) Under PMA",L3,20153049.4,` 20153049.40 (Bid Price),
9320860,Global Supply Hub (MII) Under PMA,L1,1954950.0,` 1954950.00,
9320860,Raman Kumar & Bros. (MII) Under PMA,L2,2000000.0,` 2000000.00,
9320860,Bombay Traders (MII) Under PMA,L3,2025000.0,` 2025000.00,
9320827,"UNIVERSAL PRODUCTS(INDIA) (MSE,MII) Under PMA",L1,18973067.0,` 18973067.00,
9320827,"GURU KARTAR PACKAGINGS (MSE,MII) Under PMA",L2,19737744.0,` 19737744.00 (Bid Price),
9320827,"GCS PROTECH ENGINEERING PRIVATE LIMITED (MSE,MII) Under PMA",L3,20233738.0,` 20233738.00 (Bid Price),
9320773,"UNIVERSAL PRODUCTS(INDIA) (MSE,MII) Under PMA",L1,19470377.0,` 19470377.00,
9320773,"GURU KARTAR PACKAGINGS (MSE,MII) Under PMA",L2,20407229.0,` 20407229.00 (Bid Price),
9320773,"GCS PROTECH ENGINEERING PRIVATE LIMITED (MSE,MII) Under PMA",L3,21905523.0,` 21905523.00 (Bid Price),
9320732,SHANKAR VIJAY ENTERPRISE (MII) Under PMA,L1,17901000.0,` 17901000.00,
9320732,LAXMI AUTO BODY BUILDERS (MII) Under PMA,L2,17919000.0,` 17919000.00,
9320732,D N M SUPPLIER (MII) Under PMA,L3,17937000.0,` 17937000.00,
9282534,D S CORPORATION Under PMA,,,,Offline upload
9282534,I.C.GROUP Under PMA,,,,Offline upload
9282534,M/S SAI TRADERS Under PMA,,,,Offline upload
9281894,BRAR TRADERS Under PMA,,,,MSE
9281894,SEHAJ ENTERPRISES Under PMA,,,,MSE
9281894,SHREE RAM TRADERS Under PMA,,,,MSE
9281175,COMPUTER & CARTRIDGE SOLUTION Under PMA,,,,N/A
9281175,DHARAM AGENCIES Under PMA,,,,MSE
9281175,HIMALAYA REFRIGERATION Under PMA,,,,N/A
9281175,KJM GROUP SYSTEM SOLUTIONS Under PMA,,,,MSE
9281175,LEY LINE ENTERPRISE Under PMA,,,,N/A
9281175,M/S BHARAT COMPUTER THEOREM Under PMA,,,,MSE
9281175,MBB ENTERPRISES LLP Under PMA,,,,N/A
9281175,RV ENTERPRISES Under PMA,,,,N/A
9281175,SAMAL ENTERPRISES Under PMA,,,,MSE
9281175,SANGHU ENERGY SAVING SYSTEMS PRIVATE LIMITED Under PMA,,,,MSE
9281175,SRISAI SHREYANSHU ENTERPRISE PRIVATE LIMITED Under PMA,,,,N/A
9281175,SUN SYSTEMS Under PMA,,,,N/A
9281175,YURATECH GLOBAL PRIVATE LIMITED Under PMA,,,,MSE
9280796,A J ENTERPRISES Under PMA,,,,Offline upload
9280796,HARIHAR ENTERPRISES Under PMA,,,,Offline upload
9280796,HOTAGE INDIA Under PMA,,,,Vendor Assessed
9280796,MINI METRO EV LLP Under PMA,,,,Registered with designated Agency / Authority
9280796,MK SHAKTI ENTERPRISES Under PMA,,,,Offline upload
9280796,OCULUS AUTO INDUSTRIES LLP Under PMA,,,,MSE
9280796,TECH TRADING COMPANY Under PMA,,,,Offline upload
9280741,A J ENTERPRISES Under PMA,,,,N/A
9280741,HARIHAR ENTERPRISES Under PMA,,,,N/A
9280741,HOTAGE INDIA Under PMA,,,,MSE
9280741,MINI METRO EV LLP Under PMA,,,,MSE
9280741,MK SHAKTI ENTERPRISES Under PMA,,,,N/A
9280741,TECH TRADING COMPANY Under PMA,,,,N/A
9272767,J.S.ENTERPRISES Under PMA,,,,MSE
9272767,MANU ENTERPRISES Under PMA,,,,MSE
9272767,TRICON SOLUTIONS Under PMA,,,,MSE
9272714,BHARTIYA ENTERPRISES Under PMA,,,,MSE
9272714,J.S.ENTERPRISES Under PMA,,,,MSE
9272714,MANU ENTERPRISES Under PMA,,,,MSE
9272714,OLIVE TECHNOLOGIES Under PMA,,,,MSE
9272714,TRICON SOLUTIONS Under PMA,,,,MSE
9272551,DAWAKHANA Under PMA,,,,Offline upload
9272551,DURGA MEDICAL STORES Under PMA,,,,MSE
9272551,GULAB MEDICOSE Under PMA,,,,MSE
9272551,JATIN PHARMA Under PMA,,,,MSE
9272551,M/S Tinsukia Drugs & Surgicals Under PMA,,,,Registered with designated Agency / Authority
9272551,SHRI KHATUSHYAM LIFECARE PRIVATE LIMITED Under PMA,,,,MSE
9272551,SUN DIVINE HEALTH CARE Under PMA,,,,MSE
9272551,UDM HEALTHCARE Under PMA,,,,MSE
9271903,ARUN ENTERPRISES Under PMA,,,,KVIC
9271903,BAJARANG ENTERPRISE Under PMA,,,,ACASH
9271903,DAWAKHANA Under PMA,,,,Offline upload
9271903,DEY'S PRINTING AND STATIONERY Under PMA,,,,ACASH
9271903,DURGA MEDICAL STORES Under PMA,,,,MSE
9271903,GULAB MEDICOSE Under PMA,,,,MSE
9271903,JATIN PHARMA Under PMA,,,,MSE
9271903,KANDA ENTERPRISES Under PMA,,,,MSE
9271903,SHRI KHATUSHYAM LIFECARE PRIVATE LIMITED Under PMA,,,,MSE
9271903,SONALI ENTERPRISE Under PMA,,,,ACASH
9259789,SWASTIKA HEALTH CENTER Under PMA,,,,N/A
9320946,"UNIVERSAL PRODUCTS(INDIA) (MSE,MII) Under PMA",L1,18858768.0,` 18858768.00,
9320946,"GURU KARTAR PACKAGINGS (MSE,MII) Under PMA",L2,20246312.0,` 20246312.00 (Bid Price),
9320946,"GCS PROTECH ENGINEERING PRIVATE LIMITED (MSE,MII) Under PMA",L3,21196535.0,` 21196535.00 (Bid Price),
9320917,KHUSHI TRANSPORT COMPANY Under PMA,L1,4248300.0,` 4248300.00,
9320917,SATNAM ROADLINES Under PMA,L2,4271000.0,` 4271000.00,
9320917,SHARMA ENTERPRISES Under PMA,L3,4275500.0,` 4275500.00,
9320917,MANAS ROADLINE Under PMA,L4,4282000.0,` 4282000.00 (Bid Price),
9320894,SHARMA ENTERPRISES Under PMA,L1,1732800.0,` 1732800.00,
9320894,KHUSHI TRANSPORT COMPANY Under PMA,L2,1739200.0,` 1739200.00,
9320894,SATNAM ROADLINES Under PMA,L3,1745600.0,` 1745600.00,
9320894,MANAS ROADLINE Under PMA,L4,1752160.0,` 1752160.00 (Bid Price),
9280579,M/S   SHAKTI INDUSTRIES Under PMA,,,,N/A
9280579,M/S DELMO INDUSTRIES Under PMA,,,,N/A
9280579,SHARVIL TRADING COMPANY Under PMA,,,,MSE
9280579,TECH TRADING COMPANY Under PMA,,,,N/A
9280524,HARIHAR ENTERPRISES Under PMA,,,,N/A
9280524,MK SHAKTI ENTERPRISES Under PMA,,,,N/A
9280524,TECH TRADING COMPANY Under PMA,,,,N/A
9280481,HARIHAR ENTERPRISES Under PMA,,,,Offline upload
9280481,MK SHAKTI ENTERPRISES Under PMA,,,,Offline upload
9280481,TECH TRADING COMPANY Under PMA,,,,Offline upload
9250688,AGASTYA SOLUTIONS Under PMA,,,,MSE
9250688,ANGEL ENTERPRISES Under PMA,,,,N/A
9250688,ELETECH LAB INSTRUMENTS Under PMA,,,,N/A
9250688,M/S B M ENTERPRISES Under PMA,,,,N/A
9250688,RAGHAV ELECTRICALS AND ELECTRONICS INDUSTRIAL COMPONENTS Under PMA,,,,MSE
9250688,TECH TRADING COMPANY Under PMA,,,,N/A
9320620,"M/S BEECO STORAGE SYSTEMS (MSE,MII) Under PMA",L1,2913900.0,` 2913900.00,
9320620,"SGM TRADERS (MSE,MII) Under PMA",L2,2916980.0,` 2916980.00,
9320620,TRISHIKA ENTERPRISES (MII) Under PMA,L3,2933700.0,` 2933700.00,
9320620,"M/S A.S.STEEL INDUSTRIES (MSE,MII) Under PMA",L4,3245547.8,` 3245547.80 (Bid Price),
9320620,MR TRADING COMPANY (MII) Under PMA,L5,4350940.0,` 4350940.00 (Bid Price),
9320180,"OCEAN MARKETING (MSE,MII) Under PMA",L1,1747105.0,` 1747105.00,
9320180,"ASRS TRADERS (MSE,MII) Under PMA",L2,2147710.0,` 2147710.00,
9320180,"S R MARKETING (MSE,MII) Under PMA",L3,2220955.0,` 2220955.00 (Bid Price),
9320085,R.S. BAJAJ TEA COMPANY (MII) Under PMA,L1,880000.0,` 880000.00,
9320085,DEEPAK TRADING CO. (MII) Under PMA,L2,882000.0,` 882000.00,
9320085,A BHARAT ASSOCIATE (MII) Under PMA,L3,885000.0,` 885000.00,
9320085,P R ENTERPRISES (MII) Under PMA,L4,940500.0,` 940500.00,
9320085,PANSARI INDUSTRY PRIVATE LIMITED (MII) Under PMA,L5,945000.0,` 945000.00 (Bid Price),
9320085,GAURANG ENTERPRISES (MII) Under PMA,L6,950000.0,` 950000.00 (Bid Price),
9320085,M/S P.C ENTERPRISES (MII) Under PMA,L7,1001000.0,` 1001000.00 (Bid Price),
9320085,MAITRI ENTERPRISES (MII) Under PMA,L8,1002500.0,` 1002500.00 (Bid Price),
9320085,uma industries (MII) Under PMA,L9,1005000.0,` 1005000.00 (Bid Price),
9320085,V K TRADERS (MII) Under PMA,L9,1005000.0,` 1005000.00 (Bid Price),
9320085,MANISHANKAR OILS PRIVATE LIMITED (MII) Under PMA,L10,1050000.0,` 1050000.00 (Bid Price),
9320480,B.M & Co. (MSE) Under PMA,L1,316590.0,` 316590.00,
9320480,B.M Traders (MSE) Under PMA,L2,323643.5,` 323643.50 (Bid Price),
9320480,CRESCENT AGENCIES (MSE) Under PMA,L3,325662.0,` 325662.00 (Bid Price),
9320480,ARIMA AGENCIES (MSE) Under PMA,L4,327315.0,` 327315.00 (Bid Price),
9320480,D.K.Enterprises (MSE) Under PMA,L5,329331.0,` 329331.00 (Bid Price),
9320480,SHREE SHYAM ENTERPRISES (MSE) Under PMA,L6,376755.0,` 376755.00 (Bid Price),
9320476,GEO MEDIA ENGINEERING & CONSULTANCY SERVICES PRIVATE LIMITED Under PMA,L1,509000.0,` 509000.00,
9320476,CIVIL ENGINEERING TESTING AND RESEARCH COUNCIL Under PMA,L2,510860.0,` 510860.00 (Bid Price),
9320471,GRISHM INTERNATIONAL Under PMA,L1,6034626.0,` 6034626.00,
9320471,BHAVYA TRADERS Under PMA,L2,6512631.0,` 6512631.00,
9320471,SHRI SHYAM ENTERPRISES Under PMA,L3,7099891.0,` 7099891.00 (Bid Price),
9277903,M/S UNITED POLYMERS Under PMA,,,,MII MSE
9277903,SENSTO GRAPHIC Under PMA,,,,MII MSE
9277903,VECTOR ENGINEERING Under PMA,,,,MII MSE
9315083,BHAGWATI ENTERPRISES Under PMA,,,,MSE
9315083,CHOUDHARY AUTO STORES Under PMA,,,,N/A
9315083,LOKNATH AGENCIES Under PMA,,,,MSE
9263963,PUNJAB EX-SERVICEMEN CORPORATION Under PMA,,,,N/A
9263963,U P PURVA SAINIK KALYAN NIGAM LIMITED Under PMA,,,,N/A
9263963,UTTARAKHAND PURV SAINIK KALYAN NIGAM LIMITED Under PMA,,,,N/A
9286523,m/s- shri durga enterprises Under PMA,,,,MII
9286523,M/S-SS ENTERPRISES Under PMA,,,,MII MSE
9286523,NATIONAL SALES CORPORATION Under PMA,,,,MII
9286393,COLUMBUS CLIMBER INDIA Under PMA,,,,N/A
9286393,DDY ENTERPRISES Under PMA,,,,MSE
9286393,GOBIND INDUSTRIES PRIVATE LIMITED Under PMA,,,,MSE
9286393,M/S ASIAN ENTERPRISES Under PMA,,,,N/A
9286390,ANJANEY HYDRAULIC SOLUTIONS Under PMA,,,,MII MSE
9286390,EAGLE EARTHMOVERS Under PMA,,,,MII MSE
9286390,M/S KUBER TRADING COMPANY Under PMA,,,,MII MSE
9286376,FLYWORLD COM Under PMA,,,,MSE
9286376,M/S KALYAN TOURS AND TRAVELS Under PMA,,,,MSE
9286376,SUCCESSCARE NATURALS INDIA PRIVATE LIMITED Under PMA,,,,MSE
9286001,BHAGYODAY ENTERPRISES Under PMA,,,,MSE
9286001,H & M Enterprise Under PMA,,,,MSE
9286001,K.P. TRAVELS Under PMA,,,,MSE
9286001,KHUSHI ENTERPRISE Under PMA,,,,MSE
9286001,KRISHNA TRAVELS Under PMA,,,,N/A
9286001,MAAHI SAGAR ENTERPRISE Under PMA,,,,MSE
9286001,Manav Travels Under PMA,,,,N/A
9286001,Oasis Corporation Under PMA,,,,MSE
9286001,Radheshyamservices Under PMA,,,,N/A
9286001,rishi travels Under PMA,,,,N/A
9286001,SAI TRAVELS Under PMA,,,,MSE
9286001,SKUMAR ENTERPRISE Under PMA,,,,MSE
9286001,The Music Studio Under PMA,,,,N/A
9285675,ANAISHA ENTERPRISES Under PMA,,,,N/A
9285675,govind pansari Under PMA,,,,N/A
9285675,hemsons power solution Under PMA,,,,N/A
9285675,JM ENTERPRISES Under PMA,,,,N/A
9285675,M.K CONSTRUCTION Under PMA,,,,N/A
9320191,"NUHYDRO AUTOMATION PRODUCTS (MSE,MII) Under PMA",L1,720000.0,` 720000.00,
9320191,"UNIQUE TRANSMISSION INDIA PVT LTD (MSE,MII) Under PMA",L2,760000.0,` 760000.00 (Bid Price),
9320188,YUG ENTERPRISE (MII) Under PMA,L1,499900.0,` 499900.00,
9320188,RUDRA ENTERPRISES (MII) Under PMA,L2,520000.0,` 520000.00,
9320188,INTELLO ENTERPRISE (MII) Under PMA,L3,545000.0,` 545000.00 (Bid Price),
9254598,M/S  BIO MEDICAL WASTE DISPOSAL AGENCY Under PMA,,,,N/A
9183690,AVP ENVIRO FACILITIES PRIVATE LIMITED Under PMA,,,,Offline upload
9183690,GREEN EARTH INFRA SERVICES Under PMA,,,,MSE
9183690,M/S  PREM SHANKAR YADAV CONTRACTOR Under PMA,,,,Offline upload
9183690,M/S MUKESH EARTHMOVERS AND CONTRACTOR Under PMA,,,,Offline upload
9183690,RRAM BUSINESS CORP Under PMA,,,,Vendor Assessed
9183690,SOHAM IMPEX (INDIA) PRIVATE LIMITED Under PMA,,,,Start-up
9319631,DEEPAK TRADING CO. (MII) Under PMA,L1,929000.0,` 929000.00,
9319631,R.S. BAJAJ TEA COMPANY (MII) Under PMA,L2,930000.0,` 930000.00,
9319631,MASUNIVERSE ENGINEERING PRIVATE LIMITED (MII) Under PMA,L3,944000.0,` 944000.00,
9319631,PANSARI INDUSTRY PRIVATE LIMITED (MII) Under PMA,L4,945000.0,` 945000.00 (Bid Price),
9319631,M/S P.C ENTERPRISES (MII) Under PMA,L5,1026000.0,` 1026000.00 (Bid Price),
9319631,MAITRI ENTERPRISES (MII) Under PMA,L6,1027500.0,` 1027500.00 (Bid Price),
9319631,V K TRADERS (MII) Under PMA,L7,1030000.0,` 1030000.00 (Bid Price),
9319288,DEEPAK TRADING CO. (MII) Under PMA,L1,919000.0,` 919000.00,
9319288,R.S. BAJAJ TEA COMPANY (MII) Under PMA,L2,920000.0,` 920000.00,
9319288,M/S P.C ENTERPRISES (MII) Under PMA,L3,936000.0,` 936000.00,
9319288,A BHARAT ASSOCIATE (MII) Under PMA,L4,940000.0,` 940000.00,
9319288,PANSARI INDUSTRY PRIVATE LIMITED (MII) Under PMA,L5,945000.0,` 945000.00,
9319288,MASUNIVERSE ENGINEERING PRIVATE LIMITED (MII) Under PMA,L6,948000.0,` 948000.00,
9319288,GAURANG ENTERPRISES (MII) Under PMA,L7,1000000.0,` 1000000.00 (Bid Price),
9319288,uma industries (MII) Under PMA,L8,1005000.0,` 1005000.00 (Bid Price),
9319288,MAITRI ENTERPRISES (MII) Under PMA,L9,1027500.0,` 1027500.00 (Bid Price),
9319288,V K TRADERS (MII) Under PMA,L10,1030000.0,` 1030000.00 (Bid Price),
9319997,BALAJI ENTERPRISES (MII) Under PMA,L1,107000.0,` 107000.00,
9319997,A.S.I. SALES PRIVATE LIMITED Under PMA,L2,108850.0,` 108850.00,
9319997,"HITECH SURVEY TOOLS PRIVATE LIMITED (MSE,MII) Under PMA",L3,650000.0,` 650000.00 (Bid Price),
9319997,AGS INDUSTRIES (MII) Under PMA,L4,951000.0,` 951000.00 (Bid Price),
9319813,A C THAKRAR & ASSOCIATES Under PMA,L1,12000.0,` 12000.00,
9319813,MAHESHWARI & COMPANY Under PMA,L2,14485.0,` 14485.00,
9319813,S H A P Y & ASSOCIATES Under PMA,L3,14960.0,` 14960.00,
9319813,G N P & CO Under PMA,L4,50000.0,` 50000.00 (Bid Price),
9319813,H H S & CO Under PMA,L5,59000.0,` 59000.00 (Bid Price),
9319813,NITIN NAKUL AND CO Under PMA,L6,74500.0,` 74500.00 (Bid Price),
9319813,A R P A N AND ASSOCIATES LLP Under PMA,L7,84000.0,` 84000.00 (Bid Price),
9319813,LIMBADIYA & CO Under PMA,L8,101000.0,` 101000.00 (Bid Price),
9319813,PRAKASH CHANDRA JAIN & COMPANY Under PMA,L9,125000.0,` 125000.00 (Bid Price),
9314653,Ambay Enterprises (MII) Under PMA,L1,548700.0,` 548700.00,
9314653,M/S RELIABLE OFFICE SUPPLIERS (MII) Under PMA,L2,550095.0,` 550095.00,
9314653,SJMART PRIVATE LIMITED (MII) Under PMA,L3,662625.0,` 662625.00,
9318963,BROTHER ENTERPRISES (MSE) Under PMA,L1,45615.0,` 45615.00,
9318963,THAKUR DASS ISHAR DASS (MSE) Under PMA,L2,45980.0,` 45980.00,
9318963,Everl India LLP (MSE) Under PMA,L3,55945.0,` 55945.00 (Bid Price),
9318963,INDO FOOD FLAVOURS (MSE) Under PMA,L4,56170.0,` 56170.00 (Bid Price),
9318963,ADVAITRAJ FOODS PRIVATE LIMITED (MSE) Under PMA,L5,57370.0,` 57370.00 (Bid Price),
9318963,INDIAN CATERS Under PMA,L6,58665.0,` 58665.00 (Bid Price),
9319812,POONAM SELECTION (MII) Under PMA,L1,240000.0,` 240000.00,
9319812,NTECNOVIC SOLUTIONS PRIVATE LIMITED (MII) Under PMA,L2,273600.0,` 273600.00,
9319812,"OM ENTERPRISE (MSE,MII) Under PMA",L3,324000.0,` 324000.00,
9319812,ADARSH ENTERPRISES (MII) Under PMA,L4,337200.0,` 337200.00,
9319812,SHARMA MARKETING (MII) Under PMA,L5,347040.0,` 347040.00,
9319812,RANA SON'S & COMPANY (MII) Under PMA,L6,372000.0,` 372000.00 (Bid Price),
9319812,SK TRADERS (MII) Under PMA,L7,398388.0,` 398388.00 (Bid Price),
9319812,SHAILLY ENTERPRISES (MII) Under PMA,L8,492000.0,` 492000.00 (Bid Price),
9319812,"HAIL MEDIPRODUCTS PRIVATE LIMITED (MSE,MII) Under PMA",L9,534000.0,` 534000.00 (Bid Price),
9319812,PARHAR ENTERPRISES (MII) Under PMA,L10,546600.0,` 546600.00 (Bid Price),
9319812,K.G. ENTERPRISES (MII) Under PMA,L11,547200.0,` 547200.00 (Bid Price),
9319935,Gupta Auto Works Under PMA,L1,68770.0,` 68770.00,
9319935,LALIMA TRADING CO Under PMA,L2,70250.0,` 70250.00 (Bid Price),
9319935,Langer Trading Corp Under PMA,L3,71150.0,` 71150.00 (Bid Price),
9319410,A BHARAT ASSOCIATE (MII) Under PMA,L1,4426174.0,` 4426174.00,
9319410,SHRI PRIYAJI AGRO OILS PRIVATE LIMITED (MII) Under PMA,L2,4470191.2,` 4470191.20,
9319410,KESHAV TRADING CO. (MII) Under PMA,L3,4548444.0,` 4548444.00,
9319410,MANISHANKAR OILS PRIVATE LIMITED (MII) Under PMA,L4,5624420.0,` 5624420.00 (Bid Price),
9319410,BASANT INTERNATIONAL (MII) Under PMA,L5,5771144.0,` 5771144.00 (Bid Price),
9319410,uma industries (MII) Under PMA,L5,5771144.0,` 5771144.00 (Bid Price),
9278895,BABU MAHENDRA SINGH AND SONS Under PMA,,,,N/A
9278895,INDIAN INDUSTRIAL SECURITY SERVICES Under PMA,,,,MSE
9278895,M/S GOYAL TRADERS Under PMA,,,,MSE
9278895,SANGRAM BUILDCON Under PMA,,,,N/A
9278874,BABU MAHENDRA SINGH AND SONS Under PMA,,,,N/A
9278874,INDIAN INDUSTRIAL SECURITY SERVICES Under PMA,,,,MSE
9278874,M/S GOYAL TRADERS Under PMA,,,,MSE
9278874,SANGRAM BUILDCON Under PMA,,,,N/A
9278720,AJEET PRATAP SINGH Under PMA,,,,Offline upload
9278720,Arihant Enterprises Under PMA,,,,Offline upload
9278720,MOHIT SERVICE AND SUPPLIERS Under PMA,,,,MSE
9278720,SIYARAM TRADERS Under PMA,,,,Offline upload
9278564,Arihant Enterprises Under PMA,,,,N/A
9278564,MOHIT SERVICE AND SUPPLIERS Under PMA,,,,MSE
9278564,SIYARAM TRADERS Under PMA,,,,N/A
9278564,Vinayak Associates Under PMA,,,,N/A
9278536,Arihant Enterprises Under PMA,,,,N/A
9278536,M/S AWADH GROUP Under PMA,,,,N/A
9278536,SIYARAM TRADERS Under PMA,,,,N/A
9278536,Vinayak Associates Under PMA,,,,N/A
9298161,CJ DARCL LOGISTICS LIMITED Under PMA,,,,N/A
9298161,DART GLOBAL LOGISTICS PRIVATE LIMITED Under PMA,,,,N/A
9298161,FLYJAC LOGISTICS PRIVATE LIMITED Under PMA,,,,N/A
9298161,IRC SUPPLY CHAIN SOLUTIONS LIMITED Under PMA,,,,N/A
9298161,KARGO-LEAGUE LOGISTICS PRIVATE LIMITED Under PMA,,,,MSE
9298161,LOGITRUST XPRESS PRIVATE LIMITED Under PMA,,,,N/A
9298161,SARR FREIGHTS CORPORATION Under PMA,,,,MSE
9280757,ANNAI OFFSET PRINTERS Under PMA,,,,MSE
9280757,CENTURY TRADING Under PMA,,,,N/A
9280757,Indu Cards & Graphics Under PMA,,,,N/A
9280757,REYANSH AUTHORTOPIC PRIVATE LIMITED Under PMA,,,,MSE
9286084,MAHALUXMI ENTERPRISES. Under PMA,,,,MSE
9286084,RAKESH ENTERPRISES Under PMA,,,,MSE
9286084,TRADE ASIA Under PMA,,,,MSE
9320093,KRITIKA GLOBAL (MII) Under PMA,L1,299700.0,` 299700.00,
9320093,RUDRA ENTERPRISES (MII) Under PMA,L2,307500.0,` 307500.00,
9320093,INTELLO ENTERPRISE (MII) Under PMA,L3,375000.0,` 375000.00 (Bid Price),
9320076,M/S PRASHER TRADING CO (MII) Under PMA,L1,2037450.0,` 2037450.00,
9320076,NIKHIL TRADERS (MII) Under PMA,L2,2103000.0,` 2103000.00 (Bid Price),
9320076,HIMALAYA TRADING COMPANY (MII) Under PMA,L3,2172126.0,` 2172126.00 (Bid Price),
9320017,LAXMI TRADERS Under PMA,L1,10836.0,` 10836.00,
9320017,SHIV SHAKTI ENTERPRISE Under PMA,L2,10847.0,` 10847.00,
9320017,NAND GOPAL GUPTA Under PMA,L3,10925.0,` 10925.00 (Bid Price),
9319746,AR TRADERS (MII) Under PMA,L1,261158.0,` 261158.00,
9319746,R.P.ENTERPRISES (MII) Under PMA,L2,310822.0,` 310822.00 (Bid Price),
9319746,M/s AU TRADERS (MII) Under PMA,L3,319412.0,` 319412.00 (Bid Price),
9319627,CELESTIAL LED LIGHT COMPANY Under PMA,L1,1690888.0,` 1690888.00,
9319627,VARDHMAN TRADERS Under PMA,L2,1977347.0,` 1977347.00 (Bid Price),
9319627,NAUTICAL INNOVATIONS Under PMA,L3,2016197.0,` 2016197.00 (Bid Price),
9286068,Bareilly Defence Store Under PMA,,,,MSE
9286068,M/S LUCKY AUTOMOBILES Under PMA,,,,MSE
9286068,National Enterprises Under PMA,,,,MSE
9285995,D R ENTERPRISES Under PMA,,,,N/A
9285995,R T ENTERPRISES Under PMA,,,,N/A
9285995,SHREE COMPUTER AND ENTERPRISES Under PMA,,,,N/A
9285978,Master & Company Under PMA,,,,MSE
9285978,MOHD AABID ALI Under PMA,,,,MSE
9285978,RAFAY IMPEX Under PMA,,,,MSE
9285873,Arihant Industries Under PMA,,,,Registered with designated Agency / Authority
9285873,Arihant Offset Under PMA,,,,Registered with designated Agency / Authority
9285873,LOVELY FORMS AND STATIONERY PRIVATE LIMITED Under PMA,,,,Registered with designated Agency / Authority
9285873,M/S RELIABLE OFFICE SUPPLIERS Under PMA,,,,Registered with designated Agency / Authority
9285873,SHREE SATI PAPER PRIVATE LIMITED Under PMA,,,,MSE
9285873,TAXFORM ENTERPRISES Under PMA,,,,Vendor Assessed
9285873,V.S.HITECH SECURITY FORMS PRIVATE LIMITED Under PMA,,,,Registered with designated Agency / Authority
9285873,Vardhman Offset Under PMA,,,,Registered with designated Agency / Authority
9285848,D R ENTERPRISES Under PMA,,,,N/A
9285848,R T ENTERPRISES Under PMA,,,,N/A
9285848,SHREE COMPUTER AND ENTERPRISES Under PMA,,,,N/A
9285798,D R ENTERPRISES Under PMA,,,,N/A
9285798,R T ENTERPRISES Under PMA,,,,N/A
9285798,SHREE COMPUTER AND ENTERPRISES Under PMA,,,,N/A
9285775,AMRI ENTERPRISES Under PMA,,,,MSE
9285775,Classic Motors Under PMA,,,,MSE
9285775,FOXIN TRADER Under PMA,,,,MSE
9285743,D R ENTERPRISES Under PMA,,,,N/A
9285743,R T ENTERPRISES Under PMA,,,,N/A
9285743,SHREE COMPUTER AND ENTERPRISES Under PMA,,,,N/A
9285686,D R ENTERPRISES Under PMA,,,,N/A
9285686,R T ENTERPRISES Under PMA,,,,N/A
9285686,SHREE COMPUTER AND ENTERPRISES Under PMA,,,,N/A
9285645,AMRI ENTERPRISES Under PMA,,,,MSE
9285645,Classic Motors Under PMA,,,,MSE
9285645,FOXIN TRADER Under PMA,,,,MSE
9285584,D R ENTERPRISES Under PMA,,,,N/A
9285584,R T ENTERPRISES Under PMA,,,,N/A
9285584,SHREE COMPUTER AND ENTERPRISES Under PMA,,,,N/A
9285519,D R ENTERPRISES Under PMA,,,,N/A
9285519,R T ENTERPRISES Under PMA,,,,N/A
9285519,SHREE COMPUTER AND ENTERPRISES Under PMA,,,,N/A
9285480,101 ONE FORCE SERVICES Under PMA,,,,MSE
9285480,24 X 7 Under PMA,,,,MSE
9285480,A M PROJECT AND MANAGEMENT SERVICES (OPC) PRIVATE LIMITED Under PMA,,,,MSE
9285480,A R MANAGEMENT Under PMA,,,,Registered with designated Agency / Authority
9285480,A&L International Under PMA,,,,MSE
9285480,A.R.ENTERPRISE Under PMA,,,,Registered with designated Agency / Authority
9285480,AADHYA MANAGEMENT Under PMA,,,,Start-up
9285480,AADITYA ENTERPRISE Under PMA,,,,Registered with designated Agency / Authority
9285480,AADITYA SECURITY SERVICE Under PMA,,,,Registered with designated Agency / Authority
9285480,AADVITA INTEGRATED SOLUTIONS Under PMA,,,,MSE
9285480,AARAMBH ENTERPRISES Under PMA,,,,Start-up
9285480,AAROHI ENTERPRISES Under PMA,,,,MSE
9285480,AARTI ENTERPRISE SOLUTIONS LLP Under PMA,,,,Registered with designated Agency / Authority
9285480,AARYA PROTECTION FORCE Under PMA,,,,Registered with designated Agency / Authority
9285480,AASTHA ENTERPRISE Under PMA,,,,Registered with designated Agency / Authority
9285480,AASTHA SECURITY AND MANPOWER SERVICES Under PMA,,,,Start-up
9285480,ABHAY ENTERPRISE Under PMA,,,,Start-up
9285480,ABLESERVE MANAGEMENT PRIVATE LIMITED Under PMA,,,,Registered with designated Agency / Authority
9285480,ACTIVE SECURITY SERVICES Under PMA,,,,Registered with designated Agency / Authority
9285480,ADVT INDUSTRIES PRIVATE LIMITED Under PMA,,,,Registered with designated Agency / Authority
9285480,AGASTYA ENTERPRISE Under PMA,,,,Registered with designated Agency / Authority
9285480,AI LIFE LINE CORPORATION Under PMA,,,,MSE
9285480,AIR STACK INDIA Under PMA,,,,MSE
9285480,almighty manpower & security services Under PMA,,,,Registered with designated Agency / Authority
9285480,ALPHA ASSOCIATE Under PMA,,,,MSE
9285480,ALPSALIGN RESOURCES Under PMA,,,,Registered with designated Agency / Authority
9285480,AM ENTERPRISE Under PMA,,,,MSE
9285480,AMAN ENTERPRISE Under PMA,,,,Registered with designated Agency / Authority
9285480,AMBICA ENTERPRISE Under PMA,,,,Registered with designated Agency / Authority
9285480,AMPUG Solutions Under PMA,,,,MSE
9285480,ANAY SECURITY AND MANPOWER SERVICES PRIVATE LIMITED Under PMA,,,,Start-up
9285480,ANGEL MANPOWER & SECURITY SERVICES Under PMA,,,,Registered with designated Agency / Authority
9285480,AON TECHNOLOGY SERVICES Under PMA,,,,Registered with designated Agency / Authority
9285480,AQUIRE CORPORATION Under PMA,,,,Central / State PSUs
9285480,ARIHANT OUTSOURCING SOLUTIONS Under PMA,,,,MSE
9285480,AROUND THE WORLD SECURITY SERVICES Under PMA,,,,Registered with designated Agency / Authority
9285480,ARSHAN ENTERPRISES Under PMA,,,,MSE
9285480,ASHIRWAD ENTERPRISE Under PMA,,,,Registered with designated Agency / Authority
9285480,ASJ MULTI SERVICES PRIVATE LIMITED Under PMA,,,,Central / State PSUs
9285480,AUSHADHIYA AMRUT Under PMA,,,,Registered with designated Agency / Authority
9285480,AV CORPORATION Under PMA,,,,Registered with designated Agency / Authority
9285480,AV ENTERPRISE Under PMA,,,,Registered with designated Agency / Authority
9285480,B R CHAUDHARI Under PMA,,,,Registered with designated Agency / Authority
9285480,BABLI SECURITY SERVICES PRIVATE LIMITED Under PMA,,,,Start-up
9285480,BAJRANG SECURITY SERVICE Under PMA,,,,Registered with designated Agency / Authority
9285480,BALIDAN PRIVATE LIMITED Under PMA,,,,Start-up
9285480,BDOT TECHMEC MANAGEMENT AND MULTISERVICES PRIVATE LIMITED Under PMA,,,,MSE
9285480,BHAKTI HR MANAGEMENT SERVICE Under PMA,,,,MSE
9285480,BHARAT CONSTRUCTION AND SERVICES Under PMA,,,,MSE
9285480,BHUMI ENTERPRISE Under PMA,,,,Registered with designated Agency / Authority
9285480,BIG UNITY Under PMA,,,,Registered with designated Agency / Authority
9285480,Blockade Defence Service Under PMA,,,,Registered with designated Agency / Authority
9285480,BLUE SKY MANPOWER SERVICES Under PMA,,,,Registered with designated Agency / Authority
9285480,Brothers associates Under PMA,,,,Registered with designated Agency / Authority
9285480,BROTHERS CORPORATION Under PMA,,,,Registered with designated Agency / Authority
9285480,BROTHERS ENTERPRISE Under PMA,,,,Registered with designated Agency / Authority
9285480,CAPTAIN SUNLIGHT SECURITY AGENCY PRIVATE LIMITED Under PMA,,,,Registered with designated Agency / Authority
9285480,CERCLE COMPLET PRIVATE LIMITED Under PMA,,,,Start-up
9285480,CHAMUNDA ENTERPRISE Under PMA,,,,Offline upload
9285480,CHECK ENTERPRISE Under PMA,,,,Registered with designated Agency / Authority
9285480,CHIVALRY SECURITY SOLUTIONS PRIVATE LIMITED Under PMA,,,,Registered with designated Agency / Authority
9285480,CLASSIC HUMAN RESOURCES PRIVATE LIMITED Under PMA,,,,Registered with designated Agency / Authority
9285480,CODE CRAFTERS SOLUTIONS Under PMA,,,,Registered with designated Agency / Authority
9285480,CONCEPT CORPORATION Under PMA,,,,Start-up
9285480,CORPORATE HOUSE KEEPING SERVICES (INDIA) PRIVATE LIMITED Under PMA,,,,Registered with designated Agency / Authority
9285480,CREATIVE MANPOWER SECURITY SERVICES Under PMA,,,,Registered with designated Agency / Authority
9285480,CREATIVE MANPOWER SOLUTION Under PMA,,,,MSE
9285480,CRUCIAL ENTERPRISE Under PMA,,,,MSE
9285480,Cryolite Resources Under PMA,,,,Registered with designated Agency / Authority
9285480,CUSTODIAN CORPORATE SERVICES PRIVATE LIMITED Under PMA,,,,MSE
9285480,D J ENTERPRISE Under PMA,,,,Registered with designated Agency / Authority
9285480,D N ENTERPRISE Under PMA,,,,MSE
9285480,DABSHEL RESOURCES Under PMA,,,,Registered with designated Agency / Authority
9285480,DABSHEL RESOURCES PRIVATE LIMITED Under PMA,,,,Registered with designated Agency / Authority
9285480,Daksh Placement and security services Under PMA,,,,Registered with designated Agency / Authority
9285480,DARSHANA SECURITY AND SERVICES Under PMA,,,,Registered with designated Agency / Authority
9285480,DD GLOBAL ENTERPRISE Under PMA,,,,Registered with designated Agency / Authority
9285480,DHIREK INFINITY PRIVATE LIMITED Under PMA,,,,Start-up
9285480,DHRUVI ENTERPRISE Under PMA,,,,MSE
9285480,DHYAN ENTERPRISE Under PMA,,,,MSE
9285480,DIRECT JOB INDIA PRIVATE LIMITED Under PMA,,,,Registered with designated Agency / Authority
9285480,DIVINE MANAGEMENT Under PMA,,,,Start-up
9285480,DIVYA SECURITY AND MANEGEMENT SERVICES Under PMA,,,,Registered with designated Agency / Authority
9285480,DIVYARAMBH SURAKSHA PRIVATE LIMITED Under PMA,,,,Kendriya Bhandar
9285480,DOLPHIN GUARDSS AND ALLIED SERVICES Under PMA,,,,Registered with designated Agency / Authority
9285480,DPRANSH SECURITY SERVICES PRIVATE LIMITED Under PMA,,,,Start-up
9285480,DR SERVICES Under PMA,,,,MSE
9285480,DRONACHARYA SEWA TRUST Under PMA,,,,MSE
9285480,DRONE SECURITY AGENCY Under PMA,,,,Registered with designated Agency / Authority
9285480,DTB SERVICES PRIVATE LIMITED Under PMA,,,,Start-up
9285480,DWARIKESH CONSULTANCY AND SECURITY SERVICES Under PMA,,,,MSE
9285480,EAGLES EYE SECURITY SERVICE Under PMA,,,,Registered with designated Agency / Authority
9285480,EARTHMARS IT SOLUTIONS PRIVATE LIMITED Under PMA,,,,Start-up
9285480,ECO ANN ORGANIC PRIVATE LIMITED Under PMA,,,,MSE
9285480,EJEE COMPLETE OFFICE SOLUTIONS PRIVATE LIMITED Under PMA,,,,MSE
9285480,EKLAVYA CHARITABLE TRUST MEHSANA Under PMA,,,,Registered with designated Agency / Authority
9285480,EKLAVYA ENTERPRISE Under PMA,,,,Registered with designated Agency / Authority
9285480,ELEVATE CONSULTING SERVICES Under PMA,,,,Registered with designated Agency / Authority
9285480,ELITE WORKFORCE SOLUTIONS Under PMA,,,,Registered with designated Agency / Authority
9285480,EVORV PRIVATE LIMITED Under PMA,,,,Start-up
9285480,EXPERTEDGE CONSULTING Under PMA,,,,Registered with designated Agency / Authority
9285480,FAMOUS ELECTRIC SERVICE Under PMA,,,,Registered with designated Agency / Authority
9285480,FCI BUREAU INTERNATIONAL Under PMA,,,,Registered with designated Agency / Authority
9285480,FORTUNE PLACEMENT Under PMA,,,,Registered with designated Agency / Authority
9285480,FRONT STATIC BUSINESS SOLUTIONS PRIVATE LIMITED Under PMA,,,,MSE
9285480,FRONTSTATIC GLOBAL SERVICES LLP Under PMA,,,,MSE
9285480,G.A.D.ENTERPRISE Under PMA,,,,MSE
9285480,GAURS MANPOWER SERVICES PRIVATE LIMITED Under PMA,,,,MSE
9285480,Global Infra Solution Under PMA,,,,MSE
9285480,GLOBALSPHERE MANAGEMENT SERVICES Under PMA,,,,Registered with designated Agency / Authority
9285480,GLOBE LABOUR & SECURITY SERVICES Under PMA,,,,Registered with designated Agency / Authority
9285480,GODARA ENTERPRISES Under PMA,,,,MSE
9285480,GOOD TIMES CORPORATE AND SECURITY PRIVATE LIMITED Under PMA,,,,Registered with designated Agency / Authority
9285480,GOYAL SHIELD SECURITY AND SERVICES Under PMA,,,,MSE
9285480,GROW CORPORATION Under PMA,,,,MSE
9285480,GROW MORE ENTERPRISE Under PMA,,,,Start-up
9285480,GROWMORE SECURITY SERVICE Under PMA,,,,Registered with designated Agency / Authority
9285480,guardian securities Under PMA,,,,Central / State PSUs
9285480,GUNJAN GLOBAL INFRAVENTURE Under PMA,,,,MSE
9285480,GUPTA ENTERPRISES Under PMA,,,,MSE
9285480,GURU NANAK SECURITY Under PMA,,,,MSE
9285480,H & M Enterprise Under PMA,,,,MSE
9285480,H K ENTERPRISE Under PMA,,,,Registered with designated Agency / Authority
9285480,H N ENTERPRISE Under PMA,,,,Registered with designated Agency / Authority
9285480,H R SUPPLY AND SERVICES Under PMA,,,,Registered with designated Agency / Authority
9285480,H V ENTERPRISE Under PMA,,,,Registered with designated Agency / Authority
9285480,H.A ENTERPRISE Under PMA,,,,Start-up
9285480,HADCEVB SECURITY AND MANPOWER Under PMA,,,,Registered with designated Agency / Authority
9285480,HARSH ENTERPRISE Under PMA,,,,Registered with designated Agency / Authority
9285480,HARSHNATH HUMAN SERVICES PRIVATE LIMITED Under PMA,,,,Start-up
9285480,HIMALAYAN FACILITY & MANAGEMENT SERVICES Under PMA,,,,MSE
9285480,Hindustan Trading Company Under PMA,,,,MSE
9285480,HITECH HUMAN CAPITAL PRIVATE LIMITED Under PMA,,,,Registered with designated Agency / Authority
9285480,HR CATALYST CONSULTING Under PMA,,,,Registered with designated Agency / Authority
9285480,HR ENTERPRISE Under PMA,,,,Registered with designated Agency / Authority
9285480,HR EXCELLENCE PARTNERS Under PMA,,,,Registered with designated Agency / Authority
9285480,HUMA BIZCON LLP Under PMA,,,,MSE
9285480,HUMS EDUCATION AND TRAINING PRIVATE LIMITED Under PMA,,,,Registered with designated Agency / Authority
9285480,IDEAL OUTSOURCE SOLUTIONS Under PMA,,,,Registered with designated Agency / Authority
9285480,IMPRESSO MANAGEMENT SERVICES PRIVATE LIMITED Under PMA,,,,Start-up
9285480,INFINITE E-GOVERNANCE SERVICES PRIVATE LIMITED Under PMA,,,,Start-up
9285480,ISHITA SECURITY AND MANPOWER SERVICE PRIVATE LIMITED Under PMA,,,,Start-up
9285480,J B ENTERPRISE Under PMA,,,,Registered with designated Agency / Authority
9285480,J B SECURITY SERVICE Under PMA,,,,MSE
9285480,J B TRADING CO Under PMA,,,,MSE
9285480,J C ENTERPRISE Under PMA,,,,Registered with designated Agency / Authority
9285480,J. K. ENTERPRISE Under PMA,,,,Registered with designated Agency / Authority
9285480,J.S Enterprises Under PMA,,,,Registered with designated Agency / Authority
9285480,JAGAT SINGH SECURITY SERVICES ENTERPRISES LLP Under PMA,,,,Start-up
9285480,JAI BHOLENATH SERVICES Under PMA,,,,MSE
9285480,JAI DURGA SHAKTI SERVICES Under PMA,,,,MSE
9285480,JAY ENTERPRISE Under PMA,,,,Registered with designated Agency / Authority
9285480,JAY ENTERPRISES Under PMA,,,,Registered with designated Agency / Authority
9285480,JAY GURU MANPOWER & SECURITY SERVICES Under PMA,,,,Registered with designated Agency / Authority
9285480,JAY SOMNATH ENTERPRISE Under PMA,,,,Registered with designated Agency / Authority
9285480,JAYVEER ENTERPRISE Under PMA,,,,Registered with designated Agency / Authority
9285480,JJ ENTERPRISE Under PMA,,,,Registered with designated Agency / Authority
9285480,JK GROUP Under PMA,,,,Start-up
9285480,JUSTRIGHT HOSPITALITIES & SERVICES PRIVATE LIMITED Under PMA,,,,Registered with designated Agency / Authority
9285480,K P MANAGEMENT Under PMA,,,,Registered with designated Agency / Authority
9285480,KAMAL SINGH AND SONS COMPANY Under PMA,,,,MSE
9285480,Kanak Enterprises Under PMA,,,,Registered with designated Agency / Authority
9285480,Kanishk Enterprises Under PMA,,,,MSE
9285480,KASHISH ENTERPRISE Under PMA,,,,Registered with designated Agency / Authority
9285480,KAVISH ENTERPRISE Under PMA,,,,Registered with designated Agency / Authority
9285480,KAYRA MANPOWER SUPPLIER Under PMA,,,,MSE
9285480,KD SERVICES Under PMA,,,,MSE
9285480,KG ENTERPRISE Under PMA,,,,MSE
9285480,KHODAL ENTERPRISE Under PMA,,,,MSE
9285480,KHUSHBOO SECURITY SERVICE (PVT) Under PMA,,,,Registered with designated Agency / Authority
9285480,KHUSHI ENTERPRISE Under PMA,,,,MSE
9285480,KING AND ANGEL DIAMOND SERVICES PRIVATE LIMITED Under PMA,,,,Registered with designated Agency / Authority
9285480,KING GUARD FORCE SECURITY Under PMA,,,,Registered with designated Agency / Authority
9285480,KING OF DANCE INDIA Under PMA,,,,Registered with designated Agency / Authority
9285480,KINSHIP SERVICES Under PMA,,,,MSE
9285480,KORA SECURITY AND SERVICES Under PMA,,,,MSE
9285480,KORE ENTERPRISE Under PMA,,,,Registered with designated Agency / Authority
9285480,KRIDAB RESOURCES Under PMA,,,,Registered with designated Agency / Authority
9285480,Krishna Incorporation Under PMA,,,,Registered with designated Agency / Authority
9285480,KRUNAL ENTERPRISE Under PMA,,,,Registered with designated Agency / Authority
9285480,KSHATRIYA SECURORS Under PMA,,,,Registered with designated Agency / Authority
9285480,KUMS CONSTRUCTION & SUPPLIERS Under PMA,,,,MSE
9285480,KUNJPARI SECURITY SERVICES PRIVATE LIMITED Under PMA,,,,MSE
9285480,LAADU SHYAM KISHORI SECURITIES PRIVATE LIMITED Under PMA,,,,MSE
9285480,LAXMI ENTERPRISE Under PMA,,,,Registered with designated Agency / Authority
9285480,LIFE LINE MANPOWER SERVICES Under PMA,,,,Registered with designated Agency / Authority
9285480,LOKAPAL RESOURCES Under PMA,,,,Registered with designated Agency / Authority
9285480,LOKRA ENTERPRISES Under PMA,,,,MSE
9285480,M B CORPORATION Under PMA,,,,Registered with designated Agency / Authority
9285480,M J ENTERPRISE Under PMA,,,,MSE
9285480,M M ENTERPRISE Under PMA,,,,Registered with designated Agency / Authority
9285480,M.M. EAGLES SECURITY Under PMA,,,,Registered with designated Agency / Authority
9285480,M/s  KSRRO SECURITY MANPOWER  SERVICES Under PMA,,,,MSE
9285480,M/S AWADH GROUP Under PMA,,,,Registered with designated Agency / Authority
9285480,M/S BANKE BIHARI SERVICES AND MANPOWER SUPPLYAR Under PMA,,,,Registered with designated Agency / Authority
9285480,M/S BHAGWATI SERVICES Under PMA,,,,MSE
9285480,M/S DARSHAN BIPIN MEHTA SECURITY AGENCY Under PMA,,,,Registered with designated Agency / Authority
9285480,M/s Dhiya Security Services Enterprises Under PMA,,,,Registered with designated Agency / Authority
9285480,M/S Pandey Security Services Under PMA,,,,Registered with designated Agency / Authority
9285480,M/S RAJKUMAR SECURITY AGENCY Under PMA,,,,Registered with designated Agency / Authority
9285480,M/S SHAIL SECURITY AND ALLIED SERVICES Under PMA,,,,Registered with designated Agency / Authority
9285480,MAA ENTERPRISE Under PMA,,,,Registered with designated Agency / Authority
9285480,MADHAV ENTERPRISE Under PMA,,,,Registered with designated Agency / Authority
9285480,MADHAV MANPOWER SOLUTION Under PMA,,,,Registered with designated Agency / Authority
9285480,MANIDHAR ENTERPRISE Under PMA,,,,Registered with designated Agency / Authority
9285480,MANISH ENTERPRISES Under PMA,,,,Registered with designated Agency / Authority
9285480,MANOJ KUMAR PATHAK Under PMA,,,,Registered with designated Agency / Authority
9285480,MARUTI ASSOCIATES Under PMA,,,,Registered with designated Agency / Authority
9285480,MARUTI LABOUR SECURITY & TRANSPORT COMPANY Under PMA,,,,Registered with designated Agency / Authority
9285480,MASIYA ENTERPRISE Under PMA,,,,Registered with designated Agency / Authority
9285480,MASIYA MANPOWER SERVICES Under PMA,,,,MSE
9285480,mass advanced staffing services Under PMA,,,,Registered with designated Agency / Authority
9285480,MATRU ENTERPRISE Under PMA,,,,Registered with designated Agency / Authority
9285480,MAYUN FOUNDATION Under PMA,,,,Registered with designated Agency / Authority
9285480,MB ENTERPRISE Under PMA,,,,Registered with designated Agency / Authority
9285480,MEKSA ENTERPRISES Under PMA,,,,MSE
9285480,MS ENTERPRISE Under PMA,,,,Registered with designated Agency / Authority
9285480,N D PROJECT & SERVICES Under PMA,,,,Registered with designated Agency / Authority
9285480,NAIYA ENTERPRISE Under PMA,,,,Registered with designated Agency / Authority
9285480,NANDAL SERVICES PRIVATE LIMITED Under PMA,,,,Start-up
9285480,NATIONAL SECURITY SERVICES Under PMA,,,,Registered with designated Agency / Authority
9285480,NAVSHAKTI SOLUTIONS Under PMA,,,,MSE
9285480,NAWHAL TROOPS PRIVATE LIMITED Under PMA,,,,Start-up
9285480,NEELESHWAR DEVELOPER CONTRACTOR AND SUPPLIER Under PMA,,,,MSE
9285480,NEXTGEN SERVICE Under PMA,,,,Start-up
9285480,NGSERVICES Under PMA,,,,MSE
9285480,NIHARVI ENTERPRISE Under PMA,,,,Start-up
9285480,NIMNATH POWER TRANSMISSION PRIVATE LIMITED Under PMA,,,,Start-up
9285480,NKC INFRASTRUCTURE Under PMA,,,,Registered with designated Agency / Authority
9285480,NKGAS PRIVATE LIMITED Under PMA,,,,Start-up
9285480,NP GROUP Under PMA,,,,MSE
9285480,NPR TROOPS PRIVATE LIMITED Under PMA,,,,Start-up
9285480,NYX FORCES PRIVATE LIMITED Under PMA,,,,Start-up
9285480,Oasis Corporation Under PMA,,,,MSE
9285480,OM SHANTI CORPORATION Under PMA,,,,Registered with designated Agency / Authority
9285480,OMILA MAHABALA ANANTA PRIVATE LIMITED Under PMA,,,,MSE
9285480,ONE SOLUTION Under PMA,,,,MSE
9285480,ORIENTAL INTEGRATED FACILITY MANAGEMENT PRIVATE LIMITED Under PMA,,,,MSE
9285480,P B ENTERPRISE Under PMA,,,,Registered with designated Agency / Authority
9285480,PANTHER ENTERPRISE Under PMA,,,,Registered with designated Agency / Authority
9285480,PAVANVEER ENTERPRISE Under PMA,,,,Registered with designated Agency / Authority
9285480,PENTAGON SECURITY AND ALLIED SERVICES Under PMA,,,,Registered with designated Agency / Authority
9285480,PHR ENTERPRISES Under PMA,,,,Registered with designated Agency / Authority
9285480,Pihu Manpower Service Under PMA,,,,Registered with designated Agency / Authority
9285480,PINAKINE SECURE SECURITY SOLUTIONS Under PMA,,,,Registered with designated Agency / Authority
9285480,PINK RIDER PRIVATE LIMITED Under PMA,,,,MSE
9285480,PLATINUM SECURITY Under PMA,,,,MSE
9285480,PLUS 360 FAHRENHEIT SOLUTIONS PRIVATE LIMITED Under PMA,,,,Registered with designated Agency / Authority
9285480,POORV SAINIK SECURITY SERVICE Under PMA,,,,Registered with designated Agency / Authority
9285480,PR ASSOCIATE Under PMA,,,,MSE
9285480,PRAGATI ENTERPRISE Under PMA,,,,Registered with designated Agency / Authority
9285480,PRAKASH PH SUPER SPECIALITY HOSPITAL PRIVATE LIMITED Under PMA,,,,Registered with designated Agency / Authority
9285480,PRITHVI MANPOWER SOLUTIONS PRIVATE LIMITED Under PMA,,,,Start-up
9285480,PROCONSULT PARTNERS Under PMA,,,,Registered with designated Agency / Authority
9285480,PROJECTPLUS HOSPITALITIES & SERVICES PRIVATE LIMITED Under PMA,,,,Registered with designated Agency / Authority
9285480,PROTATECH INTELLIGENCE MANPOWER PRIVATE LIMITED Under PMA,,,,MSE
9285480,R J ENTERPRISE Under PMA,,,,Registered with designated Agency / Authority
9285480,R SQUARE SECURITY AGENCY Under PMA,,,,Registered with designated Agency / Authority
9285480,R.V.ENTERPRISE Under PMA,,,,MSE
9285480,RADHE ENTERPRISE Under PMA,,,,MSE
9285480,RAJPUTANA SECURITY FORCE Under PMA,,,,Registered with designated Agency / Authority
9285480,RAMESHBHAI FULJIBHAI CHAUDHARI Under PMA,,,,Registered with designated Agency / Authority
9285480,RANJIT ENTERPRISE Under PMA,,,,Registered with designated Agency / Authority
9285480,Ravi Enterprises Under PMA,,,,Registered with designated Agency / Authority
9285480,RAVI SECURITY SERVICES Under PMA,,,,Registered with designated Agency / Authority
9285480,RAVLEEN SECURITY PRIVATE LIMITED Under PMA,,,,MSE
9285480,RECROOTIX SOLUTION PRIVATE LIMITED Under PMA,,,,Registered with designated Agency / Authority
9285480,RED WOLF MANPOWER PRIVATE LIMITED Under PMA,,,,Registered with designated Agency / Authority
9285480,REGAL INDUSTIRAL SECURITY SERVICES (PROP JITENDRASINGH M TOMAR) Under PMA,,,,MSE
9285480,REGUERDON INC Under PMA,,,,Registered with designated Agency / Authority
9285480,RIBHU DEVELOPERS PRIVATE LIMITED Under PMA,,,,Registered with designated Agency / Authority
9285480,RK ENTERPRISES Under PMA,,,,Central / State PSUs
9285480,RKS PLACEMENTS Under PMA,,,,Registered with designated Agency / Authority
9285480,ROMA FACILITY MANAGEMENT PRIVATE LIMITED Under PMA,,,,Registered with designated Agency / Authority
9285480,RONAK ENTERPRISES Under PMA,,,,Registered with designated Agency / Authority
9285480,ROYAL INDIA SECURITAUS LIMITED Under PMA,,,,MSE
9285480,RPY MANPOWER SOLUTION PRIVATE LIMITED Under PMA,,,,Registered with designated Agency / Authority
9285480,RS ENTERPRISE Under PMA,,,,MSE
9285480,RUDRA ENTERPRISE Under PMA,,,,Registered with designated Agency / Authority
9285480,RUDRA PROTECTIVE SERVICE Under PMA,,,,Registered with designated Agency / Authority
9285480,RUDRA SECURITY AND PROTECTION SERVICE Under PMA,,,,MSE
9285480,Rudra Security Service Under PMA,,,,Registered with designated Agency / Authority
9285480,S P SECURITY SERVICES Under PMA,,,,Registered with designated Agency / Authority
9285480,S.K. ASSOCIATES Under PMA,,,,MSE
9285480,SAFAL HOSPITALITY AND MAINTAINANCE SERVICES Under PMA,,,,Registered with designated Agency / Authority
9285480,Safe Shadow Security Services Under PMA,,,,Registered with designated Agency / Authority
9285480,SAFELY PROTECTION SECURITY FORCE SERVICES Under PMA,,,,Registered with designated Agency / Authority
9285480,SAFFRON ENTERPRISE Under PMA,,,,Registered with designated Agency / Authority
9285480,Sai A1 Services Under PMA,,,,Registered with designated Agency / Authority
9285480,SAI ENTERPRISE Under PMA,,,,Registered with designated Agency / Authority
9285480,SAI SERVICES Under PMA,,,,MSE
9285480,SATNAAM CANTEEN CATERING AND FAST FOOD Under PMA,,,,Central / State PSUs
9285480,SBNK ENTERPRISES Under PMA,,,,MSE
9285480,SEBUSHI SERVICES PRIVATE LIMITED Under PMA,,,,Registered with designated Agency / Authority
9285480,SECURE EYE SECURITY AND MANPOWER SUPPLIERS Under PMA,,,,MSE
9285480,SEVASHRAI VALMIKI SAMAJ SEVA Under PMA,,,,Registered with designated Agency / Authority
9285480,SEVASHRAI VALMIKI SAMAJ SEVA PRIVATE LIMITED Under PMA,,,,Registered with designated Agency / Authority
9285480,SHAKTI ENTERPRISE Under PMA,,,,Registered with designated Agency / Authority
9285480,SHASHI ENTERPRISE Under PMA,,,,MSE
9285480,Shital Corporation Under PMA,,,,Registered with designated Agency / Authority
9285480,Shiv foundation Under PMA,,,,Registered with designated Agency / Authority
9285480,SHIV SECURITY SERVICE & CONSULTANCY Under PMA,,,,Registered with designated Agency / Authority
9285480,SHIVDULARI ENTERPRISES PRIVATE LIMITED Under PMA,,,,Start-up
9285480,SHREE ENTERPRISE Under PMA,,,,Registered with designated Agency / Authority
9285480,SHREE GANESH SECURITY SERVICES PRIVATE LIMITED Under PMA,,,,MSE
9285480,SHREE KAMAL INDUSTRIAL SERVICES Under PMA,,,,Registered with designated Agency / Authority
9285480,SHREE KARANI ENTERPRISE Under PMA,,,,Registered with designated Agency / Authority
9285480,SHREE OM ENTERPRISE Under PMA,,,,Registered with designated Agency / Authority
9285480,SHREE SATHI ENGINEERS AND FABRICATORS Under PMA,,,,Registered with designated Agency / Authority
9285480,SHREE SATHI ENTERPRISE Under PMA,,,,Registered with designated Agency / Authority
9285480,SHREY MAA YO ENTERPRISE Under PMA,,,,Registered with designated Agency / Authority
9285480,SHRI CHAMUNDA CATERERS Under PMA,,,,MSE
9285480,SHRI JAYBHAVANI FOUNDATION TRUST Under PMA,,,,Registered with designated Agency / Authority
9285480,SHRIVIRAJ SECURITY SOLUTIONS PRIVATE LIMITED Under PMA,,,,Registered with designated Agency / Authority
9285480,SHYAM SUNDAR Under PMA,,,,MSE
9285480,SINGH ENTERPRISES Under PMA,,,,MSE
9285480,SINGH VIGILANCE SECURITY PRIVATE LIMITED Under PMA,,,,Registered with designated Agency / Authority
9285480,SIYA MANPOWER SERVICES Under PMA,,,,Registered with designated Agency / Authority
9285480,SIYA TROOPS PRIVATE LIMITED Under PMA,,,,Start-up
9285480,SJTS INTERNATIONAL PRIVATE LIMITED Under PMA,,,,Registered with designated Agency / Authority
9285480,SKILLBRIDGE INFOWORKS PRIVATE LIMITED Under PMA,,,,Start-up
9285480,Sky High Secure Security Services Under PMA,,,,Registered with designated Agency / Authority
9285480,SKYNET HOSPITALITY Under PMA,,,,Registered with designated Agency / Authority
9285480,SM SUNSHINE WORKFORCE PRIVATE LIMITED Under PMA,,,,MSE
9285480,SMART SERVICE Under PMA,,,,Registered with designated Agency / Authority
9285480,smvd group secure services Under PMA,,,,Registered with designated Agency / Authority
9285480,SNEPRA SECURE SERVICES PRIVATE LIMITED Under PMA,,,,MSE
9285480,SP FACILITY SERVICES PRIVATE LIMITED Under PMA,,,,Registered with designated Agency / Authority
9285480,SPB SERVICES Under PMA,,,,MSE
9285480,SPECTRUM IT WORLD Under PMA,,,,Registered with designated Agency / Authority
9285480,SQUAD 7 SECURITY ALLIED SERVICES Under PMA,,,,Central / State PSUs
9285480,square enterprise Under PMA,,,,Registered with designated Agency / Authority
9285480,SRA INFO SOLUTIONS Under PMA,,,,Registered with designated Agency / Authority
9285480,SSS SECURITY FORCE (OPC) PRIVATE LIMITED Under PMA,,,,Registered with designated Agency / Authority
9285480,STALLION SECURITY Under PMA,,,,MSE
9285480,STARAS SALES Under PMA,,,,MSE
9285480,STARLIGHT SERVICES Under PMA,,,,Registered with designated Agency / Authority
9285480,STJS INTERNATIONAL PRIVATE LIMITED Under PMA,,,,MSE
9285480,SUDHA ENTERPRISES Under PMA,,,,MSE
9285480,SUM CORPORATION Under PMA,,,,Registered with designated Agency / Authority
9285480,sumeru securities and consultants llp Under PMA,,,,Registered with designated Agency / Authority
9285480,SUNIL DATTA SECURITY AGENCY Under PMA,,,,MSE
9285480,SUNIL DUTT POKHRIYAL SECURITY AGENCY Under PMA,,,,Central / State PSUs
9285480,SUNINFRA REALCON PRIVATE LIMITED Under PMA,,,,Start-up
9285480,Sunrise Consultant Service Under PMA,,,,Registered with designated Agency / Authority
9285480,SWASTIK STALL PRIVATE LIMITED Under PMA,,,,Start-up
9285480,SYVT INDUSTRIES PRIVATE LIMITED Under PMA,,,,Registered with designated Agency / Authority
9285480,TALENT TRANSFORMATION GROUP Under PMA,,,,Registered with designated Agency / Authority
9285480,TBS BIOENERGY SYSTEMS LIMITED Under PMA,,,,Registered with designated Agency / Authority
9285480,TBS TOUR AND TRAVELS PRIVATE LIMITED Under PMA,,,,Registered with designated Agency / Authority
9285480,the career line Under PMA,,,,MSE
9285480,The Music Studio Under PMA,,,,Registered with designated Agency / Authority
9285480,THIRUMAL FACILITIES SERVICE PRIVATE LIMITED Under PMA,,,,Registered with designated Agency / Authority
9285480,TOP MANPOWER MANAGMENT SERVICES PRIVATE LIMITED Under PMA,,,,Registered with designated Agency / Authority
9285480,TOSO PROJECTS PRIVATE LIMITED Under PMA,,,,Start-up
9285480,TRINITY ENTERPRISE Under PMA,,,,Registered with designated Agency / Authority
9285480,TRIPATHI BROTHERS SERVICES PRIVATE LIMITED Under PMA,,,,Registered with designated Agency / Authority
9285480,TRISHA CONSULTANCY Under PMA,,,,Registered with designated Agency / Authority
9285480,TRIYAMBAK UDYOG Under PMA,,,,Registered with designated Agency / Authority
9285480,U.S. ENTERPRISE Under PMA,,,,MSE
9285480,Ujjwal common service center Under PMA,,,,MSE
9285480,V A ENTERPRISE Under PMA,,,,Registered with designated Agency / Authority
9285480,V Core Infra And Services Under PMA,,,,Registered with designated Agency / Authority
9285480,V PLUS ENTERPRISE Under PMA,,,,MSE
9285480,Vaikunth Group Enterprises Under PMA,,,,Registered with designated Agency / Authority
9285480,VAJRA OUTSOURCE SOLUTIONS PRIVATE LIMITED Under PMA,,,,Start-up
9285480,VANSH ENTERPRISES Under PMA,,,,MSE
9285480,VANSH MANPOWER SOLUTIONS PRIVATE LIMITED Under PMA,,,,Start-up
9285480,VANSHIKA TRADERS Under PMA,,,,Registered with designated Agency / Authority
9285480,VEENA ENTERPRISE Under PMA,,,,Registered with designated Agency / Authority
9285480,VEER CHEHAR CORPORATION Under PMA,,,,Registered with designated Agency / Authority
9285480,VEER CONSULTANCY Under PMA,,,,Registered with designated Agency / Authority
9285480,VEER ENTERPRISE Under PMA,,,,Registered with designated Agency / Authority
9285480,VIJA SERVICES PRIVATE LIMITED Under PMA,,,,Start-up
9285480,VIJAYKUMAR SECURITY AGENCY Under PMA,,,,MSE
9285480,VIKARANT SALES CORPORATION Under PMA,,,,MSE
9285480,VINYASA INFRA DEVELOPERS Under PMA,,,,MSE
9285480,VOLISPHERA EXIM PRIVATE LIMITED Under PMA,,,,MSE
9285480,VR HR SOLUTIONS INDIA PRIVATE LIMITED Under PMA,,,,Registered with designated Agency / Authority
9285480,VRAJDHARI BUILDTECH PRIVATE LIMITED Under PMA,,,,Start-up
9285480,VREET ENTERPRISE Under PMA,,,,MSE
9285480,VRV & SONS WORKFORCE SOLUTIONS PRIVATE LIMITED Under PMA,,,,Registered with designated Agency / Authority
9285480,VSHAKTI VENTURES PRIVATE LIMITED Under PMA,,,,Start-up
9285480,WHITE WINGS SECURITY AND MANPOWER Under PMA,,,,Registered with designated Agency / Authority
9285480,WORKFORCE SOLUTIONS CONSULTING Under PMA,,,,Registered with designated Agency / Authority
9285480,YASH ENTERPRISE Under PMA,,,,Registered with designated Agency / Authority
9285480,YASH R SOLUTION Under PMA,,,,Registered with designated Agency / Authority
9285480,YOGESHWAR CONSTRUCTION Under PMA,,,,MSE
9285480,YSR MANAGEMENT PRIVATE LIMITED Under PMA,,,,Registered with designated Agency / Authority
9285480,ZESCO CORPORATION Under PMA,,,,MSE
9285472,D R ENTERPRISES Under PMA,,,,N/A
9285472,R T ENTERPRISES Under PMA,,,,N/A
9285472,SHREE COMPUTER AND ENTERPRISES Under PMA,,,,N/A
9285446,TECHAIR CONSULTANTS PRIVATE LIMITED Under PMA,,,,MII
9285446,UNIOTECH OFFICE SOLUTION Under PMA,,,,MII MSE
9285446,WEARTECH ENGINEERS PRIVATE LIMITED Under PMA,,,,MII
9285408,BHARAT DECORATORS Under PMA,,,,MSE
9285408,D R ENTERPRISES Under PMA,,,,N/A
9285408,R T ENTERPRISES Under PMA,,,,N/A
9285408,SHREE COMPUTER AND ENTERPRISES Under PMA,,,,N/A
9285313,D R ENTERPRISES Under PMA,,,,N/A
9285313,R T ENTERPRISES Under PMA,,,,N/A
9285313,SHREE COMPUTER AND ENTERPRISES Under PMA,,,,N/A
9285267,AIRNIC INFRA PRIVATE LIMITED Under PMA,,,,MSE
9285267,D R ENTERPRISES Under PMA,,,,N/A
9285267,R T ENTERPRISES Under PMA,,,,N/A
9285267,SHREE COMPUTER AND ENTERPRISES Under PMA,,,,N/A
9284263,abhinandan enterprises Under PMA,,,,MSE
9284263,ANSH TRADERS Under PMA,,,,MSE
9284263,PARAS CONTRACTOR & SUPPLIERS Under PMA,,,,MSE
9272049,ADVANCETECH INDIA PRIVATE LIMITED Under PMA,,,,Registered with designated Agency / Authority
9272049,JAI AMBEY ENTERPRISES Under PMA,,,,Offline upload
9272049,M/S  PAWAN  ENTERPRISES Under PMA,,,,Offline upload
9272049,OKAASAN INNOVATIVE TECHNOLOGY LLP Under PMA,,,,Start-up
9272049,SONI AND SONI COMPANY Under PMA,,,,Offline upload
9272049,TECHBIZZ INTEGRATORS PRIVATE LIMITED Under PMA,,,,Registered with designated Agency / Authority
9272049,UNIQUE SERVICES PRIVATE LIMITED Under PMA,,,,MSE
9267193,ALLIANCE INDUSTRIAL MARKETING LLP Under PMA,,,,Offline upload
9267193,M R TECHNOCRAT CO. Under PMA,,,,Offline upload
9267193,TATA HITACHI CONSTRUCTION MACHINERY COMPANY PRIVATE LIMITED Under PMA,,,,Registered with designated Agency / Authority
9320149,SURAJA ENTERPRISE PRIVATE LIMITED Under PMA,L1,3967500.0,` 3967500.00,
9320149,PATITAPABAN ENTERPRISES Under PMA,L2,4100000.0,` 4100000.00,
9320149,TOUGHERGO PRIVATE LIMITED Under PMA,L3,4250000.0,` 4250000.00,
9259504,BALAJI ENTERPRISES Under PMA,,,,Offline upload
9259504,GOLDEN INDUSTRY Under PMA,,,,Offline upload
9259504,M/S ATHARV ENTERPRISES Under PMA,,,,Offline upload
9259504,M/S RAM SHRI TRADERS Under PMA,,,,Offline upload
9211780,Zenith Enterprises Under PMA,,,,N/A
9316795,SUCHET BHARAT TRANSPORT COMPANY Under PMA,L1,1223600.0,` 1223600.00,
9316795,ASSOCIATED CARRIERS Under PMA,L2,1225000.0,` 1225000.00,
9316795,M/S RAJINDER KUMAR AND SONS Under PMA,L3,1740000.0,` 1740000.00 (Bid Price),
9316795,PAWANDEEP SINGH AND COMPANY Under PMA,L4,1759000.0,` 1759000.00 (Bid Price),
9316795,M/S R.K GUPTA Under PMA,L5,1760000.0,` 1760000.00 (Bid Price),
9316795,SANGAM TRANSPORT SERVICE Under PMA,L6,1762000.0,` 1762000.00 (Bid Price),
9316795,ADARSH BHARAT TRANSPORT COMPANY Under PMA,L7,1764000.0,` 1764000.00 (Bid Price),
9316795,JK GOODS CARRIER Under PMA,L8,1766100.0,` 1766100.00 (Bid Price),
9316795,M/S IMTIYAZ AHMAD MIR Under PMA,L9,1782800.0,` 1782800.00 (Bid Price),
9318459,GIRIRAJ IRON STORES (MII) Under PMA,L1,1363608.0,` 1363608.00,
9318459,RSC PROJECTS PRIVATE LIMITED (MII) Under PMA,L2,1365180.0,` 1365180.00,
9318459,LAKSHMI INDUSTRIAL CORPORATION (MII) Under PMA,L3,1460400.0,` 1460400.00,
9318736,GIRIRAJ IRON STORES (MII) Under PMA,L1,247600.0,` 247600.00,
9318736,RSC PROJECTS PRIVATE LIMITED (MII) Under PMA,L2,248000.0,` 248000.00,
9318736,STEEL DEVELOPMENT CORPORATION (MII) Under PMA,L3,262224.0,` 262224.00 (Bid Price),
9318736,BITTU UDYOG (MII) Under PMA,L4,269200.0,` 269200.00 (Bid Price),
9318736,LAKSHMI INDUSTRIAL CORPORATION (MII) Under PMA,L5,319600.0,` 319600.00 (Bid Price),
9297393,RINA CONSULTING PRIVATE LIMITED Under PMA,L1,41641268.0,` 41641268.00,
9297393,INGENERO TECHNOLOGIES (INDIA) PRIVATE LIMITED Under PMA,L2,49000000.0,` 49000000.00,
9297393,MECON LIMITED Under PMA,L3,155246700.0,` 155246700.00 (Bid Price),
9305528,GARG ENTERPRISES Under PMA,,,,N/A
9305528,UNITECH POWER SYSTEMS Under PMA,,,,N/A
9305528,Zenith Enterprises Under PMA,,,,N/A
9278844,BABU MAHENDRA SINGH AND SONS Under PMA,,,,N/A
9278844,INDIAN INDUSTRIAL SECURITY SERVICES Under PMA,,,,MSE
9278844,M/S AWADH GROUP Under PMA,,,,N/A
9278844,MOHIT SERVICE AND SUPPLIERS Under PMA,,,,MSE
9278844,SANGRAM BUILDCON Under PMA,,,,N/A
9278813,BABU MAHENDRA SINGH AND SONS Under PMA,,,,N/A
9278813,INDIAN INDUSTRIAL SECURITY SERVICES Under PMA,,,,MSE
9278813,M/S AWADH GROUP Under PMA,,,,N/A
9278813,MAHESH HARDWARE Under PMA,,,,MSE
9278813,MOHIT SERVICE AND SUPPLIERS Under PMA,,,,MSE
9278813,RUDRANSH CREATION Under PMA,,,,MSE
9278813,SANGRAM BUILDCON Under PMA,,,,N/A
9278451,Bigprint Sports Under PMA,,,,MSE
9278451,GITA ENTERPRISES Under PMA,,,,N/A
9278451,HIND SPORTS PVT LTD Under PMA,,,,N/A
9278451,M/S JAINCO Under PMA,,,,MSE
9278451,M/S KRITI ENTERPRISES Under PMA,,,,N/A
9278451,PRISHA ENTERPRISES Under PMA,,,,N/A
9278451,RIDHI ENTERPRISES Under PMA,,,,N/A
9278451,ROYAL WOOD INDUSTRIES Under PMA,,,,N/A
9278451,SAHANI STEEL FURNITURE Under PMA,,,,MSE
9278451,Saifat Enterprises Under PMA,,,,MSE
9278451,SHYAM JI TRADING COMPANY Under PMA,,,,MSE
9278451,Trident Tech Enterprises Under PMA,,,,MSE
9282316,Arihant Enterprises Under PMA,,,,N/A
9282316,Harsh Events Under PMA,,,,MSE
9282316,M/S AWADH GROUP Under PMA,,,,N/A
9282316,SIYARAM TRADERS Under PMA,,,,N/A
9282316,Vinayak Associates Under PMA,,,,N/A
9313899,TECHAIR CONSULTANTS PRIVATE LIMITED Under PMA,,,,MII
9313899,UNIOTECH OFFICE SOLUTION Under PMA,,,,MII
9313899,WEARTECH ENGINEERS PRIVATE LIMITED Under PMA,,,,MII
9283484,COSMIC STEEL AND ENGINEERING Co Under PMA,,,,N/A
9283484,DMETCO ENTERPRISES Under PMA,,,,N/A
9283484,jagdambe engineering works Under PMA,,,,N/A
9283484,S F MARINE OFFSHORE AND INDUSTRIAL SUPPLY COMPANY Under PMA,,,,N/A
9264207,FORTUNE SAFETY INDUSTRIES PRIVATE LIMITED Under PMA,,,,MSE
9285306,AEVITAS PROCUREMENT SERVICE PRIVATE LIMITED Under PMA,,,,MSE
9285306,AVYRA ENTERPRISES PRIVATE LIMITED Under PMA,,,,MSE
9285306,CRYODEAL Under PMA,,,,MSE
9285306,GAIN INFOSYSTEMS PRIVATE LIMITED Under PMA,,,,N/A
9285306,GODREJ AND BOYCE MANUFACTURING COMPANY LIMITED Under PMA,,,,N/A
9285306,MATRIX EXPORTS Under PMA,,,,MSE
9285306,ONEIRIC APPLIANCES PRIVATE LIMITED Under PMA,,,,MSE
9285306,PRAYAG TECHNO SOLUTIONS PRIVATE LIMITED Under PMA,,,,MSE
9285306,PROCZILLA Under PMA,,,,MSE
9285306,RJ ENTERPRISES Under PMA,,,,N/A
9285306,SUNBEAM Under PMA,,,,N/A
9285306,TATER INTERNATIONAL IMPEX Under PMA,,,,N/A
9285266,FGR Groups Under PMA,,,,MSE
9285266,kps enterprises Under PMA,,,,MSE
9285266,RAJVANSH TRADERS Under PMA,,,,N/A
9319059,SHREE ROZI MARINE ENGINEERING WORKS Under PMA,L1,226000.0,` 226000.00,
9319059,HATHIYA ENTERPRISES SERVICES & ENGG SOLUTION Under PMA,L2,226650.0,` 226650.00 (Bid Price),
9319059,HR ENTERPRISE Under PMA,L3,226660.0,` 226660.00 (Bid Price),
9318992,"PRITAM SINGH AND SONS (MSE,MII) Under PMA",L1,1962639.0,` 1962639.00,
9318992,"MITHRESH PRATAP GROUP AND COMPANY (MSE,MII) Under PMA",L2,1967953.0,` 1967953.00 (Bid Price),
9318992,"M/S LANGEH ENTERPRISES (MSE,MII) Under PMA",L3,2011415.0,` 2011415.00 (Bid Price),
9251360,ASSAM STORES Under PMA,,,,MSE
9251360,KB Stella Technologies Under PMA,,,,MSE
9251360,M/S AWADH GROUP Under PMA,,,,N/A
9251360,M/S SAVALIYA TRADING COMPANY Under PMA,,,,MSE
9251360,RUDRANSH CREATION Under PMA,,,,MSE
9317892,S.SAIFY & CO. (MII) Under PMA,L1,460046.6,` 460046.60,
9317892,hi tech solutions Under PMA,L2,472604.0,` 472604.00,
9317892,"TECHNO ENGINEERING (MSE,MII) Under PMA",L3,901826.8,` 901826.80 (Bid Price),
9313797,YURATECH GLOBAL PRIVATE LIMITED Under PMA,L1,3716510.0,` 3716510.00,
9313797,ELYSIAN RETAIL PRIVATE LIMITED Under PMA,L2,3720710.0,` 3720710.00,
9313797,ARIHANT ENTERPRISE Under PMA,L3,4162375.0,` 4162375.00 (Bid Price),
9313797,DIGITECH ELECTRONIC SYSTEMS PRIVATE LIMITED Under PMA,L4,4375000.0,` 4375000.00 (Bid Price),
9313797,LATEST INFORMATION TECHNOLOGY Under PMA,L5,4857615.0,` 4857615.00 (Bid Price),
9313797,TECH 4 LOGIC PRIVATE LIMITED Under PMA,L6,5313462.0,` 5313462.00 (Bid Price),
9313797,VGON PRIVATE LIMITED Under PMA,L7,6294750.0,` 6294750.00 (Bid Price),
9317774,"APEXCARE MEDIPRODUCT (MSE,MII) Under PMA",L1,5510853.0,` 5510853.00,
9317774,"AQUA PHARMA (MSE,MII) Under PMA",L2,5524248.0,` 5524248.00,
9317774,"M. K. MEDICINE TRADERS (MSE,MII) Under PMA",L3,6799995.0,` 6799995.00,
9317774,"OMANA MEDICAL STORE (MSE,MII) Under PMA",L4,7435068.0,` 7435068.00 (Bid Price),
9318276,"SAGAR INTERNATIONAL (MSE,MII) Under PMA",L1,559000.0,` 559000.00,
9318276,"Varun army store (MSE,MII) Under PMA",L2,576200.0,` 576200.00,
9318276,SVG Group (MII) Under PMA,L3,774000.0,` 774000.00,
9318276,B.K ENTERPRISES (MII) Under PMA,L4,1546280.0,` 1546280.00 (Bid Price),
9318276,NORTH PHASE ENTERPRISES (MII) Under PMA,L5,1651200.0,` 1651200.00 (Bid Price),
9318276,BLACK PEARL ENTERPRISES (MII) Under PMA,L6,1806000.0,` 1806000.00 (Bid Price),
9318276,SHAKTI TRADERS (MII) Under PMA,L7,1883400.0,` 1883400.00 (Bid Price),
9318276,ISHA ENTERPRISES (MII) Under PMA,L8,1892000.0,` 1892000.00 (Bid Price),
9315156,ACC LIMITED (MII) Under PMA,L1,61425000.0,` 61425000.00,
9315156,RCCPL PRIVATE LIMITED (MII) Under PMA,L2,61500000.0,` 61500000.00,
9315156,DALMIA CEMENT (BHARAT) LIMITED (MII) Under PMA,L3,66300000.0,` 66300000.00,
9318166,JAI VASU DEV ENTERPRISES (MII) Under PMA,L1,4918430.0,` 4918430.00,
9318166,"MM ENTERPRISES (MSE,MII) Under PMA",L2,4930500.0,` 4930500.00,
9318166,"RAJAT ENTERPRISES (MSE,MII) Under PMA",L3,5197975.0,` 5197975.00,
9318166,"Prem enterprises (MSE,MII) Under PMA",L4,5324700.0,` 5324700.00 (Bid Price),
9318166,"RR ENTERPRISES (MSE,MII) Under PMA",L5,6423150.0,` 6423150.00 (Bid Price),
9318166,"BAISA ENTERPRISES (MSE,MII) Under PMA",L6,6522500.0,` 6522500.00 (Bid Price),
9318166,"EXPRESS ENTERPRISES (MSE,MII) Under PMA",L7,6626500.0,` 6626500.00 (Bid Price),
9318166,STAR TECHNOLOGY (MII) Under PMA,L8,6706450.0,` 6706450.00 (Bid Price),
9318166,"SOLANKI GENERAL SUPPLIERS (MSE,MII) Under PMA",L9,7500000.0,` 7500000.00 (Bid Price),
9318166,"SUPREME TRADERS (MSE,MII) Under PMA",L10,7653500.0,` 7653500.00 (Bid Price),
9318166,"Suhaas Traders (MSE,MII) Under PMA",L11,8038950.0,` 8038950.00 (Bid Price),
9318166,"JAI ENTERPRISES (MSE,MII) Under PMA",L12,9098000.0,` 9098000.00 (Bid Price),
9318166,"PERFECT SOLUTION (MSE,MII) Under PMA",L13,9146000.0,` 9146000.00 (Bid Price),
9318166,"JAWAN TRADERS (MSE,MII) Under PMA",L14,9230000.0,` 9230000.00 (Bid Price),
9318166,"AMBIKA TRADING COMPANY (MSE,MII) Under PMA",L15,9451050.0,` 9451050.00 (Bid Price),
9318166,"VEER BUILDERS (MSE,MII) Under PMA",L16,9557000.0,` 9557000.00 (Bid Price),
9317755,"SHREE JEE TRADERS (MSE,MII) Under PMA",L1,2061600.0,` 2061600.00,
9317755,"RF GENIE ENTERPRISES PRIVATE LIMITED (MSE,MII) Under PMA",L2,2092970.0,` 2092970.00,
9317755,"I D TECH SOLUTIONS PRIVATE LIMITED (MSE,MII) Under PMA",L3,8514408.0,` 8514408.00 (Bid Price),
9318494,HINDUSTAN SALES CORPORATION Under PMA,L1,725000.0,` 725000.00,
9318494,UNIVERSAL TRADERS Under PMA,L2,812300.0,` 812300.00 (Bid Price),
9318494,P.P.ASSOCIATES Under PMA,L3,820000.0,` 820000.00 (Bid Price),
9318494,M/S SIDDHI VINAYAK ENTERPRISES Under PMA,L4,832656.0,` 832656.00 (Bid Price),
9318494,Empresa Inc Under PMA,L5,845516.0,` 845516.00 (Bid Price),
9316217,"M/S MEDICA (MSE,MII) Under PMA",L1,3103200.0,` 3103200.00,
9316217,BRIJ TEXTILES (MII) Under PMA,L2,3108000.0,` 3108000.00,
9316217,"Bharti Textiles (MSE,MII) Under PMA",L3,3295200.0,` 3295200.00,
9318641,M/S SAI AUTO INNOVATIONS Under PMA,L1,5545620.0,` 5545620.00,
9318641,ALLIANCE INDUSTRIAL MARKETING LLP Under PMA,L2,5558780.0,` 5558780.00,
9318641,SAMARTH ENTERPRISES Under PMA,L3,5865000.0,` 5865000.00 (Bid Price),
9318304,DESIGN-M (MII) Under PMA,L1,39664411.49,` 39664411.49,
9318304,DECOR 9 (MII) Under PMA,L2,39704316.25,` 39704316.25,
9318304,KOLKATA INTERIORS PRIVATE LIMITED (MII) Under PMA,L3,42720760.07,` 42720760.07 (Bid Price),
9284822,MD TRADERS Under PMA,,,,N/A
9284822,Origin Enterprises Under PMA,,,,N/A
9284822,SHRI SAI SERVICES Under PMA,,,,N/A
9284816,AADVITA INTEGRATED SOLUTIONS Under PMA,,,,MSE
9284816,AASTHA TECHNOLOGY SERVICES Under PMA,,,,MSE
9284816,ACTIVE SECURITY SERVICES Under PMA,,,,Registered with designated Agency / Authority
9284816,ACTIVE SOLUTION RECRUITMENT ANSWER Under PMA,,,,MSE
9284816,ADVT INDUSTRIES PRIVATE LIMITED Under PMA,,,,Registered with designated Agency / Authority
9284816,AL GHANIYY FACILITY MANAGEMENT PRIVATE LIMITED Under PMA,,,,MSE
9284816,ALEX MANPOWER SERVICES Under PMA,,,,MSE
9284816,almighty manpower & security services Under PMA,,,,Registered with designated Agency / Authority
9284816,ALPHA ASSOCIATE Under PMA,,,,MSE
9284816,AMASS ADVANCED STAFFING SERVICES PRIVATE LIMITED Under PMA,,,,Registered with designated Agency / Authority
9284816,ANANYA SERVICES Under PMA,,,,Registered with designated Agency / Authority
9284816,ANGEL MANPOWER & SECURITY SERVICES Under PMA,,,,Registered with designated Agency / Authority
9284816,AON TECHNOLOGY SERVICES Under PMA,,,,Registered with designated Agency / Authority
9284816,ARIHANT OUTSOURCING SOLUTIONS Under PMA,,,,MSE
9284816,AROUND THE WORLD SECURITY SERVICES Under PMA,,,,Registered with designated Agency / Authority
9284816,ARYAN BIZZ PRIVATE LIMITED Under PMA,,,,MSE
9284816,ASJ MULTI SERVICES PRIVATE LIMITED Under PMA,,,,Registered with designated Agency / Authority
9284816,BDOT TECHMEC MANAGEMENT AND MULTISERVICES PRIVATE LIMITED Under PMA,,,,MSE
9284816,BLUE SKY MANPOWER SERVICES Under PMA,,,,Registered with designated Agency / Authority
9284816,Brothers associates Under PMA,,,,Registered with designated Agency / Authority
9284816,CAPTAIN SUNLIGHT SECURITY AGENCY PRIVATE LIMITED Under PMA,,,,Registered with designated Agency / Authority
9284816,CODE CRAFTERS SOLUTIONS Under PMA,,,,Registered with designated Agency / Authority
9284816,CREATIVE MANPOWER SECURITY SERVICES Under PMA,,,,Registered with designated Agency / Authority
9284816,DHIREK INFINITY PRIVATE LIMITED Under PMA,,,,Start-up
9284816,DIRECT JOB INDIA PRIVATE LIMITED Under PMA,,,,Registered with designated Agency / Authority
9284816,DIVYA SECURITY AND MANEGEMENT SERVICES Under PMA,,,,Registered with designated Agency / Authority
9284816,DRONE SECURITY AGENCY Under PMA,,,,Registered with designated Agency / Authority
9284816,DTB SERVICES PRIVATE LIMITED Under PMA,,,,Start-up
9284816,EARTHMARS IT SOLUTIONS PRIVATE LIMITED Under PMA,,,,Start-up
9284816,EGILE CORPORATION PRIVATE LIMITED Under PMA,,,,Registered with designated Agency / Authority
9284816,EJEE COMPLETE OFFICE SOLUTIONS PRIVATE LIMITED Under PMA,,,,MSE
9284816,ELEVATE CONSULTING SERVICES Under PMA,,,,Registered with designated Agency / Authority
9284816,ELITE WORKFORCE SOLUTIONS Under PMA,,,,Registered with designated Agency / Authority
9284816,EVERESTPRO KASHMIR SERVICES PRIVATE LIMITED Under PMA,,,,Start-up
9284816,EVORV PRIVATE LIMITED Under PMA,,,,Start-up
9284816,EXPERTEDGE CONSULTING Under PMA,,,,Registered with designated Agency / Authority
9284816,EYE THRONE SOLUTION PRIVATE LIMITED Under PMA,,,,Start-up
9284816,F B Enterprises Under PMA,,,,MSE
9284816,FRONTSTATIC GLOBAL SERVICES LLP Under PMA,,,,MSE
9284816,GUNJAN GLOBAL INFRAVENTURE Under PMA,,,,MSE
9284816,HANUMANT ENTERPRISES Under PMA,,,,MSE
9284816,HARE KRISHNA SUSHIKSHIT BEROJGAR SEVA SAHAKARI SANSTHA MARYADIT Under PMA,,,,Registered with designated Agency / Authority
9284816,HARSHNATH HUMAN SERVICES PRIVATE LIMITED Under PMA,,,,Start-up
9284816,HR CATALYST CONSULTING Under PMA,,,,Registered with designated Agency / Authority
9284816,HR EXCELLENCE PARTNERS Under PMA,,,,Registered with designated Agency / Authority
9284816,IEHA CONSULTANCY PRIVATE LIMITED Under PMA,,,,Start-up
9284816,IMPRESSO MANAGEMENT SERVICES PRIVATE LIMITED Under PMA,,,,Start-up
9284816,ISHITA SECURITY AND MANPOWER SERVICE PRIVATE LIMITED Under PMA,,,,Start-up
9284816,J B SECURITY SERVICE Under PMA,,,,MSE
9284816,J K & SONS COMPANY Under PMA,,,,Registered with designated Agency / Authority
9284816,J.KHUROO (OPC) PRIVATE LIMITED Under PMA,,,,Start-up
9284816,JAI DURGA SHAKTI SERVICES Under PMA,,,,MSE
9284816,JANBAAZ SECURITY AND MANAGEMENT SERVICES JBZ Under PMA,,,,Registered with designated Agency / Authority
9284816,JANTA SECURITY SERVICES Under PMA,,,,Registered with designated Agency / Authority
9284816,JKBSS SECURITY AGENCY PRIVATE LIMITED Under PMA,,,,Registered with designated Agency / Authority
9284816,Juniper HR Enterprises Under PMA,,,,Registered with designated Agency / Authority
9284816,KAMAL SINGH AND SONS COMPANY Under PMA,,,,MSE
9284816,Kanishk Enterprises Under PMA,,,,MSE
9284816,KAYRA MANPOWER SUPPLIER Under PMA,,,,MSE
9284816,KING AND ANGEL DIAMOND SERVICES PRIVATE LIMITED Under PMA,,,,Registered with designated Agency / Authority
9284816,KING OF DANCE INDIA Under PMA,,,,Registered with designated Agency / Authority
9284816,LA INTERNATIONAL GENERAL ORDER SUPPLIER Under PMA,,,,Registered with designated Agency / Authority
9284816,LIFE LINE MANPOWER SERVICES Under PMA,,,,Registered with designated Agency / Authority
9284816,M/S AWADH GROUP Under PMA,,,,Registered with designated Agency / Authority
9284816,M/S BANKE BIHARI SERVICES AND MANPOWER SUPPLYAR Under PMA,,,,Registered with designated Agency / Authority
9284816,M/S DIGI INFOTECH Under PMA,,,,MSE
9284816,M/S GYATSO CONSTRUCTION Under PMA,,,,Registered with designated Agency / Authority
9284816,M/S LADAKH INFORMATICS CENTRE SERVICE Under PMA,,,,Registered with designated Agency / Authority
9284816,M/S LADAKH PLACEMENT HUB Under PMA,,,,Registered with designated Agency / Authority
9284816,M/S SHITAPA TRADERS KARGIL Under PMA,,,,MSE
9284816,MANVI ENTERPRISES Under PMA,,,,Registered with designated Agency / Authority
9284816,mass advanced staffing services Under PMA,,,,Registered with designated Agency / Authority
9284816,MAXWELL MULTISERVICES & CONSTRUCTIONS PRIVATE LIMITED Under PMA,,,,Central / State PSUs
9284816,MIRZA ENTERPRISES Under PMA,,,,Registered with designated Agency / Authority
9284816,MOHD ABDULLAH Under PMA,,,,MSE
9284816,NANDAL SERVICES PRIVATE LIMITED Under PMA,,,,Start-up
9284816,NAWHAL TROOPS PRIVATE LIMITED Under PMA,,,,Start-up
9284816,NEELESHWAR DEVELOPER CONTRACTOR AND SUPPLIER Under PMA,,,,MSE
9284816,Nexora Human Capital Under PMA,,,,MSE
9284816,NISHIDA AGENCY Under PMA,,,,Registered with designated Agency / Authority
9284816,NPR TROOPS PRIVATE LIMITED Under PMA,,,,Start-up
9284816,OMNISPHERE SOLUTIONS LLP Under PMA,,,,Start-up
9284816,ONE SOLUTION Under PMA,,,,MSE
9284816,PANCHDEV ASSOCIATE Under PMA,,,,Registered with designated Agency / Authority
9284816,PINAKINE SECURE SECURITY SOLUTIONS Under PMA,,,,Registered with designated Agency / Authority
9284816,PLUS 360 FAHRENHEIT SOLUTIONS PRIVATE LIMITED Under PMA,,,,Registered with designated Agency / Authority
9284816,PMS INT BHATTHA Under PMA,,,,MSE
9284816,POORV SAINIK SECURITY SERVICE Under PMA,,,,Registered with designated Agency / Authority
9284816,Premier bhutpurva sainik security service Under PMA,,,,Registered with designated Agency / Authority
9284816,PRITHVI MANPOWER SOLUTIONS PRIVATE LIMITED Under PMA,,,,Start-up
9284816,PROCONSULT PARTNERS Under PMA,,,,Registered with designated Agency / Authority
9284816,R.V.ENTERPRISE Under PMA,,,,MSE
9284816,RANGER SERVICES AGENCY Under PMA,,,,Start-up
9284816,RAVLEEN SECURITY PRIVATE LIMITED Under PMA,,,,MSE
9284816,RIBHU DEVELOPERS PRIVATE LIMITED Under PMA,,,,Registered with designated Agency / Authority
9284816,RIS MANAGEMENT PRIVATE LIMITED Under PMA,,,,MSE
9284816,RKS PLACEMENTS Under PMA,,,,Registered with designated Agency / Authority
9284816,RUDRANSH CREATION Under PMA,,,,MSE
9284816,SAFAL HOSPITALITY AND MAINTAINANCE SERVICES Under PMA,,,,Registered with designated Agency / Authority
9284816,Safe Shadow Security Services Under PMA,,,,Registered with designated Agency / Authority
9284816,SARKAR ENTERPRISE Under PMA,,,,Registered with designated Agency / Authority
9284816,SBNK ENTERPRISES Under PMA,,,,MSE
9284816,SECURITY AND INTELLIGENCE SERVICES BUREAU Under PMA,,,,Registered with designated Agency / Authority
9284816,SHRI SHYAM ENTERPRISES Under PMA,,,,Registered with designated Agency / Authority
9284816,SHUBHAM ENTERPRISE Under PMA,,,,Registered with designated Agency / Authority
9284816,SIYA TROOPS PRIVATE LIMITED Under PMA,,,,Start-up
9284816,SKILLBRIDGE INFOWORKS PRIVATE LIMITED Under PMA,,,,Start-up
9284816,Sky High Secure Security Services Under PMA,,,,Registered with designated Agency / Authority
9284816,SM SUNSHINE WORKFORCE PRIVATE LIMITED Under PMA,,,,MSE
9284816,smvd group secure services Under PMA,,,,Registered with designated Agency / Authority
9284816,SPECTRUM IT WORLD Under PMA,,,,Registered with designated Agency / Authority
9284816,SSS SECURITY FORCE (OPC) PRIVATE LIMITED Under PMA,,,,MSE
9284816,SYVT INDUSTRIES PRIVATE LIMITED Under PMA,,,,Registered with designated Agency / Authority
9284816,T. S. SUPPLIER & SECURITY SERVICES PRIVATE LIMITED Under PMA,,,,Registered with designated Agency / Authority
9284816,TALENT TRANSFORMATION GROUP Under PMA,,,,Registered with designated Agency / Authority
9284816,TANUSH ENTERPRISES Under PMA,,,,Registered with designated Agency / Authority
9284816,TBS BIOENERGY SYSTEMS LIMITED Under PMA,,,,Registered with designated Agency / Authority
9284816,TBS TOUR AND TRAVELS PRIVATE LIMITED Under PMA,,,,Registered with designated Agency / Authority
9284816,THE SOCIETY FOR THE SCHEDULED AND BACKWARDS Under PMA,,,,Registered with designated Agency / Authority
9284816,TRIPATHI BROTHERS SERVICES PRIVATE LIMITED Under PMA,,,,Registered with designated Agency / Authority
9284816,Ujjwal common service center Under PMA,,,,MSE
9284816,Vaikunth Group Enterprises Under PMA,,,,Registered with designated Agency / Authority
9284816,VG MANPOWER SERVICES PRIVATE LIMITED Under PMA,,,,Registered with designated Agency / Authority
9284816,VIAANVASHU VENTURES PRIVATE LIMITED Under PMA,,,,MSE
9284816,VIJA SERVICES PRIVATE LIMITED Under PMA,,,,Start-up
9284816,VILOHITA SKYBUILT PRIVATE LIMITED Under PMA,,,,MSE
9284816,VN BUSINESS SOLUTION PRIVATE LIMITED Under PMA,,,,MSE
9284816,VOLISPHERA EXIM PRIVATE LIMITED Under PMA,,,,MSE
9284816,WHITELION EXIM SECURITY PRIVATE LIMITED Under PMA,,,,MSE
9284816,WORKFORCE SOLUTIONS CONSULTING Under PMA,,,,Registered with designated Agency / Authority
9284816,YASH R SOLUTION Under PMA,,,,Registered with designated Agency / Authority
9284816,YATO INFRATECH PRIVATE LIMITED Under PMA,,,,Start-up
9284791,DATATRADE PRODUCTS Under PMA,,,,N/A
9284791,SHREE SAIKRIPA COMMERCIAL ENTERPRISE Under PMA,,,,N/A
9284788,ALPVA FACILITIES (OPC) PRIVATE LIMITED Under PMA,,,,MII MSE
9284788,BHAIJI ENTERPRISES Under PMA,,,,MII MSE
9284788,Ezzi Traders Under PMA,,,,MSE
9284788,N V SUPPLIER AND SERVICES Under PMA,,,,MII MSE
9284788,Utility Unit Services Under PMA,,,,MII MSE
9284665,BHARAT ELECTRONICS LIMITED Under PMA,,,,N/A
9224386,AIR LIFE INTERNATIONAL INC Under PMA,,,,N/A
9224386,Badnaji & Sons Under PMA,,,,MSE
9224386,DEFPRO GLOBAL PRIVATE LIMITED Under PMA,,,,MSE
9224386,DESICCA FOODS AND CHEMICALS PRIVATE LIMITED Under PMA,,,,MSE
9224386,DSB RESOURCES LLP Under PMA,,,,N/A
9224386,J.L. SONS Under PMA,,,,N/A
9224386,JAIPURIA BROTHERS TRANSELECTRICALS PRIVATE LIMITED Under PMA,,,,MSE
9224386,kaushki enterprises Under PMA,,,,MSE
9224386,M/S ATHRAV ENTERPRISES Under PMA,,,,N/A
9224386,M/S LODHI SWITCHGEAR ENTERPRISES Under PMA,,,,MSE
9224386,Nityam Enterprises Under PMA,,,,N/A
9224386,PATALIA CHEM INDUSTRIES Under PMA,,,,MSE
9224386,RAJ ENTERPRISES Under PMA,,,,MSE
9224386,S. K. TRADERS Under PMA,,,,N/A
9224386,SAMARPANN SILICA GEL Under PMA,,,,MSE
9224386,SEWA POWER INDUSTRIES Under PMA,,,,MSE
9224386,SOYASH ENTERPRISES Under PMA,,,,MSE
9224386,TRADE LINK Under PMA,,,,N/A
9224386,UTILITY CENTRE Under PMA,,,,N/A
9223530,AMAZE POWER Under PMA,,,,MSE
9318278,RETICINE PHARMAIDS LIMITED (MSE) Under PMA,L1,59992.5,` 59992.50,
9318278,B LAL & SONS (MSE) Under PMA,L2,60088.0,` 60088.00 (Bid Price),
9318278,KANDA ENTERPRISES (MSE) Under PMA,L3,84658.0,` 84658.00 (Bid Price),
9318278,FAIRDEAL HEALTH CARE PRIVATE LIMITED (MSE) Under PMA,L4,86498.0,` 86498.00 (Bid Price),
9276724,HINDUSTAN ELECTRICAL & CONSTRUCTION Under PMA,,,,Offline upload
9276724,M/S DEV ENTERPRISES Under PMA,,,,Offline upload
9276724,M/s YASH KUMAR Under PMA,,,,Offline upload
9276201,COMCAT Under PMA,,,,MSE
9276201,ELECTRO VISION Under PMA,,,,MSE
9276201,Lyric International Under PMA,,,,MSE
9276201,NATIONAL TECHNO CORPORATION Under PMA,,,,N/A
9276201,R P SOLUTION Under PMA,,,,N/A
9276201,Visionary Infotech Under PMA,,,,MSE
9276201,YOUNG ENGINEERING REFRIGERATION Under PMA,,,,MSE
9317986,M/S CHANDEL ASSOCIATES Under PMA,L1,195140.0,` 195140.00,
9317986,ASR INDUSTRIES Under PMA,L2,195540.4,` 195540.40,
9317986,SK GLOBAL SALES AND SERVICES Under PMA,L3,227040.0,` 227040.00,
9317986,RD ENTERPRISE Under PMA,L4,250800.0,` 250800.00,
9317986,mitali enterprises Under PMA,L5,260480.0,` 260480.00,
9317986,LAYA ENTERPRISES Under PMA,L6,264880.0,` 264880.00,
9317986,VARALAXMI TRADERS Under PMA,L7,265320.0,` 265320.00,
9317986,S F MARINE OFFSHORE AND INDUSTRIAL SUPPLY COMPANY Under PMA,L8,349800.0,` 349800.00 (Bid Price),
9317986,POOJA DIGITAL PRINTERS Under PMA,L9,385000.0,` 385000.00 (Bid Price),
9317986,S & S ENTERPRISES Under PMA,L10,390720.0,` 390720.00 (Bid Price),
9317986,DEEP ENTERPRISES Under PMA,L11,430100.0,` 430100.00 (Bid Price),
9317158,VIBA PRESS PRIVATE LIMITED Under PMA,L1,746200.0,` 746200.00,
9317158,Mittal Enterprises Under PMA,L2,747600.0,` 747600.00,
9317158,A P INDIA Under PMA,L3,1085980.0,` 1085980.00 (Bid Price),
9318110,"pari spices and sauces (MSE,MII) Under PMA",L1,1269632.95,` 1269632.95,
9318110,"P.Y. TRADERS (MSE,MII) Under PMA",L2,1284660.0,` 1284660.00,
9318110,"SHIV JYOTI TRADERS (MSE,MII) Under PMA",L3,1562320.0,` 1562320.00 (Bid Price),
9314618,POLYGON GEOSPATIAL PRIVATE LIMITED Under PMA,L1,10996.0,` 10996.00,
9314618,Ace Associates Under PMA,L2,11000.0,` 11000.00,
9314618,ARE TECH CONSULTANTS Under PMA,L3,14500.0,` 14500.00,
9314618,SKYEMAP ENGINEERING AND CONSULTANCY SERVICES Under PMA,L4,31800.0,` 31800.00,
9314618,GADIMAAN GEOSURVEY CONSULTANCY (OPC) PRIVATE LIMITED Under PMA,L5,32000.0,` 32000.00,
9314618,AKM INFRASTRUCTURE & DESIGN SOLUTIONS Under PMA,L6,39530.0,` 39530.00 (Bid Price),
9314618,BLUEWAVE GIS & MANPOWER SOLUTIONS PRIVATE LIMITED Under PMA,L7,47000.0,` 47000.00 (Bid Price),
9314618,SPATEM GEOTECK PRIVATE LIMITED Under PMA,L8,47200.0,` 47200.00 (Bid Price),
9314618,HA SURVEY ENGINEERING PRIVATE LIMITED Under PMA,L9,48500.0,` 48500.00 (Bid Price),
9314618,AXCON Design Consultancy Under PMA,L10,160480.0,` 160480.00 (Bid Price),
9317578,H.V.EQUIPMENTS PRIVATE LIMITED Under PMA,L1,40995000.0,` 40995000.00,
9317578,SHUBHOM PREFABS & ASSOCIATES Under PMA,L2,41067000.0,` 41067000.00,
9317578,NANDANI ROOFING SYSTEMS PRIVATE LIMITED Under PMA,L3,52605000.0,` 52605000.00 (Bid Price),
9316936,"SAMIK ENTERPRISES (MSE,MII) Under PMA",L1,311313.67,` 311313.67,
9316936,"NOBLE GASKET & ENGINEERS/NEWTECH ENGINEERS (MSE,MII) Under PMA",L2,315219.49,` 315219.49,
9316936,"CHAMPION JOINTINGS PRIVATE LIMITED (MSE,MII) Under PMA",L3,816354.0,` 816354.00 (Bid Price),
9309375,AMRIT CEMENT LIMITED Under PMA,,,,MII
9309375,INTIME COMMOTRADE PRIVATE LIMITED Under PMA,,,,MII
9309375,JSS MARKETING Under PMA,,,,MII
9309375,PAKHANGBA ALLIED CONSTRUCTION Under PMA,,,,N/A
9309375,SPS TRADING Under PMA,,,,MII
9299587,GILL ENGINEERS Under PMA,,,,N/A
9299587,KKR INFRACON Under PMA,,,,MSE
9318031,"INFINITY TRENDS (MSE,MII) Under PMA",L1,995430.0,` 995430.00,
9318031,"HOME  FURNITURE MART (MSE,MII) Under PMA",L2,997269.0,` 997269.00,
9318031,"MEUBLE HOME FURNISHERS (MSE,MII) Under PMA",L3,999490.0,` 999490.00 (Bid Price),
9318002,M/S AKKY TRADERS (MSE) Under PMA,L1,175437.0,` 175437.00,
9318002,M/s ROYAL ENTERPRISES (MSE) Under PMA,L2,178170.0,` 178170.00,
9318002,SHARMA TRADING COMPANY (MSE) Under PMA,L3,183840.0,` 183840.00,
9317990,SAMEER SALES Under PMA,L1,119000.0,` 119000.00,
9317990,RAZDAN BUILDERS & SUPPLIERS Under PMA,L2,131000.0,` 131000.00 (Bid Price),
9317990,MAHALUXMI BUILDERS Under PMA,L3,141200.0,` 141200.00 (Bid Price),
9317939,ANULIPI TECHNOLOGIES & SYSTEMS PRIVATE LIMITED Under PMA,L1,8320000.0,` 8320000.00,
9317939,M/S  GK ENTERPRISES Under PMA,L2,8582400.0,` 8582400.00,
9317939,Ritcom Systems And Services Under PMA,L3,9088000.0,` 9088000.00,
9317928,"BONV TECHNOLOGY PRIVATE LIMITED (MSE,MII) Under PMA",L1,10847000.0,` 10847000.00,
9317928,"UnityCare (MSE,MII) Under PMA",L2,11500229.9,` 11500229.90 (Bid Price),
9317928,"DRONEYARDS AERIAL SOLUTIONS PRIVATE LIMITED (MSE,MII) Under PMA",L3,11507999.9,` 11507999.90 (Bid Price),
9317922,SETHI ENTERPRISES (MII) Under PMA,L1,8459641.0,` 8459641.00,
9317922,JASMEEN INTERNATIONAL (MII) Under PMA,L2,8529907.0,` 8529907.00,
9317922,ROCKEY TRADERS (MII) Under PMA,L3,9272180.0,` 9272180.00 (Bid Price),
9317897,APEX PETROCHEM (MII) Under PMA,L1,995500.0,` 995500.00,
9317897,FUZION ENERGY (MII) Under PMA,L2,1017500.0,` 1017500.00,
9317897,TIRTH ENTERPRISE (MII) Under PMA,L3,1061500.0,` 1061500.00,
9317868,G.S.K. ASSOCIATES Under PMA,L1,72577.45,` 72577.45,
9317868,"GUNJAN TRADES AGENCIESSS, MISSION CHARALI, TEZPUR. Under PMA",L2,73146.0,` 73146.00,
9282568,GANESH MEDICAL AGENCIES Under PMA,,,,N/A
9282568,M/S JAMMU AND KASHMIR TRADERS Under PMA,,,,N/A
9282568,MEDICARE AGENCIES Under PMA,,,,N/A
9282568,RETICINE PHARMAIDS LIMITED Under PMA,,,,MSE
9275188,Ananya Enterprises Under PMA,,,,N/A
9275188,Sapna Enterprises Under PMA,,,,N/A
9275184,AVEE COMPUDATA FORMS PVT LTD Under PMA,,,,MSE
9275184,HINDUSTAN COMPUTERS PAPER INDUSTRIES Under PMA,,,,N/A
9275184,KB COMPUTER FORMS Under PMA,,,,MSE
9275184,LORD'S MARK INDUSTRIES LIMITED Under PMA,,,,N/A
9275184,NUMEN VENTURES (OPC) PRIVATE LIMITED Under PMA,,,,N/A
9275184,RADEX STATIONERY INDIA PRIVATE LIMITED Under PMA,,,,MSE
9275184,SANDEEP FORMS CENTRE Under PMA,,,,MSE
9275184,SHAMBHAVI FORMS PVT. LTD. Under PMA,,,,MSE
9275184,SHREE SATI PAPER PRIVATE LIMITED Under PMA,,,,MSE
9275184,STANDARD FORMS & STATIONERY PVT. LTD Under PMA,,,,MSE
9275184,TRIVENI COMPUTER FORMS Under PMA,,,,N/A
9275184,VAIROCHINIM ENGINEERING PRIVATE LIMITED Under PMA,,,,N/A
9275184,WHALE STATIONERY PRODUCTS LIMITED Under PMA,,,,MSE
9284661,NAWBHARAT TRADE AGENCY Under PMA,,,,MSE
9284661,NEXUS INDIA Under PMA,,,,MSE
9284661,SWATI ENTERPRISE Under PMA,,,,MSE
9284645,PRO Engineers Under PMA,,,,N/A
9284645,SHRI MAHALAXMI TRADERS Under PMA,,,,N/A
9284627,DEVANSHI CONSTRUCTION AND SUPPLIERS Under PMA,,,,Offline upload
9284627,Indian suppliers Under PMA,,,,Offline upload
9284627,M/S  MUKESH DIXIT Under PMA,,,,Offline upload
9284606,GOBIND INDUSTRIES PRIVATE LIMITED Under PMA,,,,MSE
9284606,KISAN ENGINEERING WORKS Under PMA,,,,MSE
9284606,KISAN TRADECOM PRIVATE LIMITED Under PMA,,,,N/A
9284606,Premier Engineering and Trading Company Under PMA,,,,N/A
9284606,VARUN TRADEWORLD Under PMA,,,,N/A
9284588,D R ENTERPRISES Under PMA,,,,N/A
9284588,R T ENTERPRISES Under PMA,,,,N/A
9284588,SHREE COMPUTER AND ENTERPRISES Under PMA,,,,N/A
9270642,DINESH KUMAR CONTRACTOR Under PMA,,,,MSE
9270642,S L ENTERPRISES Under PMA,,,,MSE
9270642,SOKIN CONTRACTOR Under PMA,,,,N/A
9270556,J.B ENTERPRISES Under PMA,,,,Offline upload
9270556,SHARMA ENTERPRISES Under PMA,,,,Registered with designated Agency / Authority
9270556,SHURYA ENTERPRISES Under PMA,,,,Offline upload
9270556,TOMAR SALES AND SERVICES PRIVATE LIMITED Under PMA,,,,Registered with designated Agency / Authority
9270556,V.D.S.ENTERPRISES Under PMA,,,,Offline upload
9270473,J.B ENTERPRISES Under PMA,,,,Offline upload
9270473,KHANAK SPORTS PRIVATE LIMITED Under PMA,,,,Registered with designated Agency / Authority
9270473,SHURYA ENTERPRISES Under PMA,,,,Offline upload
9270473,TOMAR SALES AND SERVICES PRIVATE LIMITED Under PMA,,,,Registered with designated Agency / Authority
9270473,V.D.S.ENTERPRISES Under PMA,,,,Offline upload
9318203,YOTTEC SYSTEMS PRIVATE LIMITED Under PMA,L1,39518200.0,` 39518200.00,
9318203,ADAMS TECHNOLOGIES PRIVATE LIMITED Under PMA,L2,39630000.0,` 39630000.00,
9318203,DIGILOGIC SYSTEMS LIMITED Under PMA,L3,39675000.0,` 39675000.00,
9318181,M/S TRIVENI AGRO INDUSTRIES Under PMA,L1,2791150.0,` 2791150.00,
9318181,M R TECHNOCRAT CO. Under PMA,L2,2794300.0,` 2794300.00 (Bid Price),
9318181,N.S.Enginners Works Under PMA,L3,2794500.0,` 2794500.00 (Bid Price),
9318076,JEVIKA ENTERPRISES (MII) Under PMA,L1,1799707.0,` 1799707.00,
9318076,UNIVERSAL TRADERS (MII) Under PMA,L2,1822994.0,` 1822994.00,
9318076,"SHIV JYOTI TRADERS (MSE,MII) Under PMA",L3,2136746.0,` 2136746.00 (Bid Price),
9312858,GEM TECHNICAL SOLUTION Under PMA,,,,N/A
9312858,GURUJI ENTERPRISES Under PMA,,,,N/A
9312858,SIDHBALI ENTERPRISES Under PMA,,,,N/A
9310876,UMAR ASSOCIATES Under PMA,L1,201000.0,` 201000.00,
9310876,N S INTERNATIONAL (MSE) Under PMA,L2,205730.0,` 205730.00,
9310876,INFOZEN TECHNOLOGIES Under PMA,L3,327600.0,` 327600.00 (Bid Price),
9317708,DRONELAB TECHNOLOGIES PRIVATE LIMITED Under PMA,L1,843000.0,` 843000.00,
9317708,RNK GEO INFRAPROJECTS LLP Under PMA,L2,844000.0,` 844000.00,
9317708,MV INFOCUS PRIVATE LIMITED Under PMA,L3,845000.0,` 845000.00,
9315405,"KALESHAWARI POWER PRODUCT PRIVATE LIMITED (MSE,MII) Under PMA",L1,4492500.0,` 4492500.00,
9315405,K C DIESEL SERVICES Under PMA,L2,4500000.0,` 4500000.00,
9315405,B.K. AGENCIES PRIVATE LIMITED Under PMA,L3,4950000.0,` 4950000.00,
9315405,R S EARTH MOVERS Under PMA,L4,5325000.0,` 5325000.00 (Bid Price),
9315405,"AMAZE POWER (MSE,MII) Under PMA",L5,5500000.0,` 5500000.00 (Bid Price),
9315405,"Electro Equipments (MSE,MII) Under PMA",L6,6010000.0,` 6010000.00 (Bid Price),
9317692,OM DEV ENTERPRISE Under PMA,L1,133750.0,` 133750.00,
9317692,SHREE SADHI TRAVELERS Under PMA,L2,134105.0,` 134105.00,
9315550,"ASQUARE FOOD & BEVERAGES PRIVATE LIMITED (MSE,MII) Under PMA",L1,1792523.0,` 1792523.00,
9315550,GUPTA & SONS (MII) Under PMA,L2,1794818.0,` 1794818.00,
9315550,KETAN ENTERPRISES (MII) Under PMA,L3,1954797.0,` 1954797.00,
9316270,"REGALIA HOME DECOR (MSE,MII) Under PMA",L1,815100.0,` 815100.00,
9316270,"adna (MSE,MII) Under PMA",L2,819684.0,` 819684.00,
9316270,"SAN ENTERPRISE (MSE,MII) Under PMA",L3,912480.0,` 912480.00,
9316270,"BASAL ENTERPRISES (MSE,MII) Under PMA",L4,913650.0,` 913650.00,
9316270,"K.C.N ENTERPRISES (MSE,MII) Under PMA",L5,998130.0,` 998130.00 (Bid Price),
9316270,"PERFECT SALES AND SERVICE (MSE,MII) Under PMA",L6,1087620.0,` 1087620.00 (Bid Price),
9298855,AFRIN ENTERPRISES Under PMA,,,,MSE
9298855,PGE INDUSTRIES PRIVATE LIMITED Under PMA,,,,MSE
9298855,RUSHABH SOLUTIONS Under PMA,,,,MSE
9283779,EX-SERVICEMAN SALES & REPAIR Under PMA,,,,MII
9283779,KHALSA ELECTRIC WORKS Under PMA,,,,MII MSE
9283779,RAJINDRA & RAJINDRA MOTORS Under PMA,,,,MII MSE
9283641,BHAGYODAY ENTERPRISES Under PMA,,,,N/A
9283641,PRAVIN TOURS AND TRAVELS Under PMA,,,,N/A
9283641,SAI TRAVELS Under PMA,,,,MSE
9312409,Al samad traders Under PMA,,,,N/A
9312409,HS TRADERS Under PMA,,,,N/A
9312409,JEHLUM SUPPLY HUB Under PMA,,,,N/A
9310555,KRISHNA TRADERS Under PMA,,,,N/A
9310555,RAIKWAR ENTERPRISES Under PMA,,,,N/A
9280470,BARG INFO SOLUTIONS PRIVATE LIMITED Under PMA,,,,MSE
9280470,GRASP CORPORATION Under PMA,,,,MSE
9280470,J.S.ENTERPRISES Under PMA,,,,MSE
9280470,MANU ENTERPRISES Under PMA,,,,MSE
9280470,TRAVENZO INNOVATIONS PRIVATE LIMITED Under PMA,,,,MSE
9280470,TRICON SOLUTIONS Under PMA,,,,MSE
9283867,BALAJI INDUSTRIES Under PMA,,,,MSE
9283867,K C Marine Services Under PMA,,,,N/A
9283867,KAUSHIK ENTERPRISES Under PMA,,,,MSE
9283867,KHANAK SPORTS PRIVATE LIMITED Under PMA,,,,MSE
9283867,M H T TECHNOLOGY PRIVATE LIMITED Under PMA,,,,N/A
9283867,M/S. VB MARINE AND INDUSTRIAL SUPPLIERS Under PMA,,,,N/A
9283867,MAK ENTERPRISES Under PMA,,,,N/A
9283867,PYRO DEFENCE CONTROL SYSTEM Under PMA,,,,N/A
9283867,Rajhans Impex Under PMA,,,,N/A
9283867,S F MARINE OFFSHORE AND INDUSTRIAL SUPPLY COMPANY Under PMA,,,,N/A
9283867,SAFEWELL INDUSTRIES Under PMA,,,,MSE
9283867,Sarvamangala Industries Under PMA,,,,N/A
9283867,Sivam Enterprises and Transporters Under PMA,,,,N/A
9283867,SRN ENTERPRISES Under PMA,,,,N/A
