id,bid_number,parent_bid,ra_or_bid,category,full_category,quantity,item_count,status,is_custom,is_high_value,is_boq,start_date,end_date,ministry,department,buyer_id,category_id
9281168,GEM/2026/B/7496623,,Bid,LED Luminaire For Road And Street Lights Conforming To IS 10322 (Part 5/Section 3) (V3) (Under BIS ,LED Luminaire For Road And Street Lights Conforming To IS 10322 (Part 5/Section 3) (V3) (Under BIS Scheme - II),115,1,2,0,False,False,2026-05-02T15:48:24Z,2026-05-12T21:00:00Z,,Urban Development Department Uttar Pradesh,buycon1.npp.hardoi@gembuyer.in,home_el05420327_ligh_exte_le13704051
9280770,GEM/2026/B/7496251,,Bid,Handpump Sub-Assemblies (Deepwell Hand Pumps Components) Conforming IS 15500 (Part 3),Handpump Sub-Assemblies (Deepwell Hand Pumps Components) Conforming IS 15500 (Part 3),15,1,2,0,False,False,2026-05-02T18:23:51Z,2026-05-12T21:00:00Z,,Urban Development Department Uttar Pradesh,bcnpkheri,home_dist_in40220274_pump_hand
9272961,GEM/2026/B/7489228,,Bid,"Chair for General Purpose,Revolving Chair (V5)","Chair for General Purpose,Revolving Chair (V5)",25,2,2,0,False,False,2026-04-29T20:14:53Z,2026-05-12T21:00:00Z,,Farmer Welfare and Agriculture Development Department Madhya Pradesh,KUMSTIMRANI-STORE,"home_fu14684684_acco_fu82806882_fixe,home_fu14684684_acco_fu82806882_re71201828"
9269280,GEM/2026/B/7485917,,Bid,Toner Cartridges / Ink Cartridges / Consumables for Printers,Toner Cartridges / Ink Cartridges / Consumables for Printers,35,1,2,0,False,False,2026-05-02T20:57:44Z,2026-05-12T21:00:00Z,Ministry of Railways,Indian Railways,admmasner,home_offi_offi_prin_tone
9310899,GEM/2026/R/665817,GEM/2026/B/7452522,RA,MEAT DRESSED FROZEN,MEAT DRESSED FROZEN,1450,1,2,1,False,False,2026-05-11T21:00:00Z,2026-05-12T21:00:00Z,Ministry of Defence,Department of Military Affairs,Sangeet519,home_univ_univ_univ_univ
9310898,GEM/2026/R/665816,GEM/2026/B/7452529,RA,MEAT DRESSED FROZEN,MEAT DRESSED FROZEN,720,1,2,1,False,False,2026-05-11T21:00:00Z,2026-05-12T21:00:00Z,Ministry of Defence,Department of Military Affairs,Sangeet519,home_univ_univ_univ_univ
9310897,GEM/2026/R/665815,GEM/2026/B/7452497,RA,MEAT DRESSED FROZEN,MEAT DRESSED FROZEN,1750,1,2,1,False,False,2026-05-11T21:00:00Z,2026-05-12T21:00:00Z,Ministry of Defence,Department of Military Affairs,Sangeet519,home_univ_univ_univ_univ
9246239,GEM/2026/B/7465214,,Bid,"Revolving chair,Arm Chair,Almirah Glass Door,ICU COT,Steel Airport Chair,Conference Chair With Writ","Revolving chair,Arm Chair,Almirah Glass Door,ICU COT,Steel Airport Chair,Conference Chair With Writing Board,Steel Rack,Foot Step,Executive table",98,9,2,0,False,True,2026-04-27T14:46:03Z,2026-05-12T21:00:00Z,,Local Self Government Department Kerala,aepdy,home_boq_boql_boql_boq
9310117,GEM/2026/B/7522716,,Bid,Repair and Overhauling Service - cars; MARUTI SUZUKI INDIA LIMITED; Yes; Buyer Premises,Repair and Overhauling Service - cars; MARUTI SUZUKI INDIA LIMITED; Yes; Buyer Premises,1,1,2,0,False,False,2026-05-09T19:34:36Z,2026-05-12T20:00:00Z,Ministry of Home Affairs,Central Armed Police Forces,40591124,services_home_gene
9310091,GEM/2026/B/7522692,,Bid,Repair and Overhauling Service - cars; TATA MOTORS; Yes; Buyer Premises,Repair and Overhauling Service - cars; TATA MOTORS; Yes; Buyer Premises,1,1,2,0,False,False,2026-05-09T19:16:19Z,2026-05-12T20:00:00Z,Ministry of Home Affairs,Central Armed Police Forces,40591124,services_home_gene
9282123,GEM/2026/B/7497462,,Bid,"CQAHV 5 66 066 PIPE LINE,CQA HV 5 66 000 PIPE LINE ASSY,CQA HV 5 66 006 PIPE LINE ASSY,CQA HV 5 66 ","CQAHV 5 66 066 PIPE LINE,CQA HV 5 66 000 PIPE LINE ASSY,CQA HV 5 66 006 PIPE LINE ASSY,CQA HV 5 66 042 PIPE LINE ASSY,CQA HV 5 32 014 HOSE CONNECTION",40,5,2,0,False,True,2026-05-02T19:42:26Z,2026-05-12T20:00:00Z,Ministry of Defence,Department of Military Affairs,arjun2111,home_boq_boql_boql_boq
9282121,GEM/2026/B/7497460,,Bid,Drinking Water Coolers (V4) ISI Marked To IS 1475,Drinking Water Coolers (V4) ISI Marked To IS 1475,1,1,2,0,False,False,2026-05-02T19:41:09Z,2026-05-12T20:00:00Z,,Urban Development Department Uttar Pradesh,buyerramganj,home_dist_heat_cool_dr07113352
9282113,GEM/2026/B/7497455,,Bid,"NK002135 AIR TANK CLOSING VALVE,NK002188 FRONT PRESSURE CLOSING VALVE,5330 003676 HUB SEAL,4730 000","NK002135 AIR TANK CLOSING VALVE,NK002188 FRONT PRESSURE CLOSING VALVE,5330 003676 HUB SEAL,4730 000898 PLAN COUPLING,NK002069 PRESSURE GUAGE,NK002166 PRESSURE ON OFF COCK,3110 003240 TAPPER ROLLER BEARING,NK002191 VALVE,NK002164 WHEEL STUD LH,NK002137 WHEEL STUD RH",169,10,2,0,False,True,2026-05-02T19:36:04Z,2026-05-12T20:00:00Z,Ministry of Defence,Department of Military Affairs,arjun2111,home_boq_boql_boql_boq
9282104,GEM/2026/B/7497447,,Bid,"3 FEET 2 FEET BOARD,PROJECTOR,SNAKE STICKS,HDMI CABLE,HDMI PORT,DINNER SET,SHOES POLISH MACHINE,ROO","3 FEET 2 FEET BOARD,PROJECTOR,SNAKE STICKS,HDMI CABLE,HDMI PORT,DINNER SET,SHOES POLISH MACHINE,ROOM FRESHENER",13,8,2,0,False,True,2026-05-02T19:50:43Z,2026-05-12T20:00:00Z,Ministry of Defence,Department of Military Affairs,buyer271,home_boq_boql_boql_boq
9282099,GEM/2026/B/7497442,,Bid,"50 117 SUSPENSION PAD MEDIUM,50 352 2 BACK PLATE,NK002589 BRAKE BOOSTER T UNION PIPE,NK000243 MTG P","50 117 SUSPENSION PAD MEDIUM,50 352 2 BACK PLATE,NK002589 BRAKE BOOSTER T UNION PIPE,NK000243 MTG PAD NUT 17MM,NK000491 MTG PAD NUT 13MM,50 63 87 JUBLIE CLAMP",432,6,2,0,False,True,2026-05-02T19:30:09Z,2026-05-12T20:00:00Z,Ministry of Defence,Department of Military Affairs,arjun2111,home_boq_boql_boql_boq
9282090,GEM/2026/B/7497434,,Bid,Drinking Water Coolers (V4) ISI Marked To IS 1475,Drinking Water Coolers (V4) ISI Marked To IS 1475,1,1,2,0,False,False,2026-05-02T19:35:08Z,2026-05-12T20:00:00Z,,Urban Development Department Uttar Pradesh,buyerramganj,home_dist_heat_cool_dr07113352
9282079,GEM/2026/B/7497423,,Bid,"NK002170 REXINE,8305 000121 CLOTH CANVAS COTTO OG,9330 000106 SHEET CELLULAR,NK000072 ALUMINIUM WAS","NK002170 REXINE,8305 000121 CLOTH CANVAS COTTO OG,9330 000106 SHEET CELLULAR,NK000072 ALUMINIUM WASHER,5310 001307 ALUMINUM WASHER 42MM,5310 001303 COPPER WASHER,5310 001412 SPRING WASHER,NK NANDA WASHER,NK000799 FLAT WASHER,NK001491 APR KIT,NK003322 REDUCER KIT,NK003296 EPV KIT,NK002013 SEDIMENT DRAIN VALVE KIT,NK000325 FELT FILTER SEAL KIT,NK002955 AIR STARTING VALVE KIT,NK003165 OMS KIT,NK000319 AIR BOTTLE VALVE,NK003298 SHIM",11090,18,2,0,False,True,2026-05-02T19:23:07Z,2026-05-12T20:00:00Z,Ministry of Defence,Department of Military Affairs,arjun2111,home_boq_boql_boql_boq
9282076,GEM/2026/B/7497420,,Bid,Drinking Water Coolers (V4) ISI Marked To IS 1475,Drinking Water Coolers (V4) ISI Marked To IS 1475,1,1,2,0,False,False,2026-05-02T19:19:53Z,2026-05-12T20:00:00Z,,Urban Development Department Uttar Pradesh,buyerramganj,home_dist_heat_cool_dr07113352
9282065,GEM/2026/B/7497410,,Bid,"40U16 13 HOSE CONNECTION,40U25 13 HOSE CONNECTION,40U10 13 HOSE CONNECTION,40U12 13 HOSE CONNECTION","40U16 13 HOSE CONNECTION,40U25 13 HOSE CONNECTION,40U10 13 HOSE CONNECTION,40U12 13 HOSE CONNECTION,40U18 13 HOSE CONNECTION",176,5,2,0,False,True,2026-05-02T19:15:23Z,2026-05-12T20:00:00Z,Ministry of Defence,Department of Military Affairs,arjun2111,home_boq_boql_boql_boq
9282063,GEM/2026/B/7497408,,Bid,12 Watt White-LED Based Solar Street Lighting System As Per MNRE Specification,12 Watt White-LED Based Solar Street Lighting System As Per MNRE Specification,10,1,2,0,False,False,2026-05-02T19:27:02Z,2026-05-12T20:00:00Z,,Prisons Administration and Reforms Department Uttar Pradesh,jailmahoba@123,home_el05420327_ligh_inte_whit
9282099,GEM/2026/B/7497442,,Bid,"50 117 SUSPENSION PAD MEDIUM,50 352 2 BACK PLATE,NK002589 BRAKE BOOSTER T UNION PIPE,NK000243 MTG P","50 117 SUSPENSION PAD MEDIUM,50 352 2 BACK PLATE,NK002589 BRAKE BOOSTER T UNION PIPE,NK000243 MTG PAD NUT 17MM,NK000491 MTG PAD NUT 13MM,50 63 87 JUBLIE CLAMP",432,6,2,0,False,True,2026-05-02T19:30:09Z,2026-05-12T20:00:00Z,Ministry of Defence,Department of Military Affairs,arjun2111,home_boq_boql_boql_boq
9282090,GEM/2026/B/7497434,,Bid,Drinking Water Coolers (V4) ISI Marked To IS 1475,Drinking Water Coolers (V4) ISI Marked To IS 1475,1,1,2,0,False,False,2026-05-02T19:35:08Z,2026-05-12T20:00:00Z,,Urban Development Department Uttar Pradesh,buyerramganj,home_dist_heat_cool_dr07113352
9282079,GEM/2026/B/7497423,,Bid,"NK002170 REXINE,8305 000121 CLOTH CANVAS COTTO OG,9330 000106 SHEET CELLULAR,NK000072 ALUMINIUM WAS","NK002170 REXINE,8305 000121 CLOTH CANVAS COTTO OG,9330 000106 SHEET CELLULAR,NK000072 ALUMINIUM WASHER,5310 001307 ALUMINUM WASHER 42MM,5310 001303 COPPER WASHER,5310 001412 SPRING WASHER,NK NANDA WASHER,NK000799 FLAT WASHER,NK001491 APR KIT,NK003322 REDUCER KIT,NK003296 EPV KIT,NK002013 SEDIMENT DRAIN VALVE KIT,NK000325 FELT FILTER SEAL KIT,NK002955 AIR STARTING VALVE KIT,NK003165 OMS KIT,NK000319 AIR BOTTLE VALVE,NK003298 SHIM",11090,18,2,0,False,True,2026-05-02T19:23:07Z,2026-05-12T20:00:00Z,Ministry of Defence,Department of Military Affairs,arjun2111,home_boq_boql_boql_boq
9282076,GEM/2026/B/7497420,,Bid,Drinking Water Coolers (V4) ISI Marked To IS 1475,Drinking Water Coolers (V4) ISI Marked To IS 1475,1,1,2,0,False,False,2026-05-02T19:19:53Z,2026-05-12T20:00:00Z,,Urban Development Department Uttar Pradesh,buyerramganj,home_dist_heat_cool_dr07113352
9282065,GEM/2026/B/7497410,,Bid,"40U16 13 HOSE CONNECTION,40U25 13 HOSE CONNECTION,40U10 13 HOSE CONNECTION,40U12 13 HOSE CONNECTION","40U16 13 HOSE CONNECTION,40U25 13 HOSE CONNECTION,40U10 13 HOSE CONNECTION,40U12 13 HOSE CONNECTION,40U18 13 HOSE CONNECTION",176,5,2,0,False,True,2026-05-02T19:15:23Z,2026-05-12T20:00:00Z,Ministry of Defence,Department of Military Affairs,arjun2111,home_boq_boql_boql_boq
9282063,GEM/2026/B/7497408,,Bid,12 Watt White-LED Based Solar Street Lighting System As Per MNRE Specification,12 Watt White-LED Based Solar Street Lighting System As Per MNRE Specification,10,1,2,0,False,False,2026-05-02T19:27:02Z,2026-05-12T20:00:00Z,,Prisons Administration and Reforms Department Uttar Pradesh,jailmahoba@123,home_el05420327_ligh_inte_whit
9282060,GEM/2026/B/7497405,,Bid,Drinking Water Coolers (V4) ISI Marked To IS 1475,Drinking Water Coolers (V4) ISI Marked To IS 1475,1,1,2,0,False,False,2026-05-02T19:12:40Z,2026-05-12T20:00:00Z,,Urban Development Department Uttar Pradesh,buyerramganj,home_dist_heat_cool_dr07113352
9282035,GEM/2026/B/7497382,,Bid,Tanker on Agricultural Trailer,Tanker on Agricultural Trailer,2,1,2,0,False,False,2026-05-02T19:57:55Z,2026-05-12T20:00:00Z,,Urban Development Department Uttar Pradesh,Hanugem@ulb,home_ve66014551_moto_spec_tank
9282034,GEM/2026/B/7497381,,Bid,Drinking Water Coolers (V4) ISI Marked To IS 1475,Drinking Water Coolers (V4) ISI Marked To IS 1475,1,1,2,0,False,False,2026-05-02T19:05:15Z,2026-05-12T20:00:00Z,,Urban Development Department Uttar Pradesh,buyerramganj,home_dist_heat_cool_dr07113352
9282027,GEM/2026/B/7497375,,Bid,"Assy Clutch Master Cyl,Belt V,Repair Kit Consep Unit,Gasket Cyl Head Cover,Bearing,Bearing Roller T","Assy Clutch Master Cyl,Belt V,Repair Kit Consep Unit,Gasket Cyl Head Cover,Bearing,Bearing Roller Tappered",27,6,2,0,False,True,2026-05-02T19:34:04Z,2026-05-12T20:00:00Z,Ministry of Defence,Department of Military Affairs,buycon4425.ia.pb@gembuyer.in,home_boq_boql_boql_boq
9282000,GEM/2026/B/7497349,,Bid,Tanker on Agricultural Trailer,Tanker on Agricultural Trailer,2,1,2,0,False,False,2026-05-02T19:54:01Z,2026-05-12T20:00:00Z,,Urban Development Department Uttar Pradesh,Hanugem@ulb,home_ve66014551_moto_spec_tank
9281927,GEM/2026/B/7497290,,Bid,Octagonal Pole (V2),Octagonal Pole (V2),23,1,2,0,False,False,2026-05-02T19:05:57Z,2026-05-12T20:00:00Z,,Urban Development Department Uttar Pradesh,ra2001,home_el05420327_ligh_port_oc40878326
9308175,GEM/2026/R/665541,GEM/2026/B/7475432,RA,"Shelter Parts for OR Living Shelter 20 Men,PCC Cement IS 1489,Coarse Sand,20mm Aggregates,40mm Aggr","Weather Coat Paint for External paint for wall,Primer Paint for External Paint for wall,Roller Brush 4 inch of best Quality,Colour Aluminium Composite Panel 1 Point 50 into 1 Board,Stainless Steel 300mm Word,Drappery Curtain Rod 5 Feet Long 20mm dia,Drappery Curtain Rod 4 Feet Long 20mm dia,MS Bracket with End Knobs for Curtain Rod Best Quality,White Cement,Water Proofing Compound,Earthing Set Complete As per TS of Appx I,LC Set Complete With Safe Chemicals As per TS of Appx I,LED Battern Surface 4 feet Long 15 W output 1600 lumens,Pixel Bulk Head fittings LED lamp 15 Watt,Cealing Fan 1200mm with regulator Conf to ISI Marked,Pedestal Fan 400mm Sweep IsI Marked with Heavy Motor,PVC Insulated Heavy Duty 1100 Volt Grade Cable 10 Sqmm Aluminium Twin Core,PVC Sheathered Unarmoured Standard Copper Conductor Cable 1 Sqmm dia Conf to IS 694 90 Mtr Long,PVC Sheathered Unarmoured Standard Copper Conductor Cable 1 point 5 Sqmm dia Conf to IS 694 90 Mtr Long,PVC Sheathered Unarmoured Standard Copper Conductor Cable 2 Poi",2595,69,2,0,False,True,2026-05-10T11:00:00Z,2026-05-12T20:00:00Z,Ministry of Defence,Department of Military Affairs,gabourai.652,home_boq_boql_boql_boq
9264660,GEM/2026/B/7481726,,Bid,WEARABLE WOUND PACKING TRAINING MANNEQUIN,WEARABLE WOUND PACKING TRAINING MANNEQUIN,1,1,2,1,False,False,2026-05-02T18:27:26Z,2026-05-12T20:00:00Z,Ministry of Defence,Department of Military Affairs,qm2118,home_univ_univ_univ_univ
9310117,GEM/2026/B/7522716,,Bid,Repair and Overhauling Service - cars; MARUTI SUZUKI INDIA LIMITED; Yes; Buyer Premises,Repair and Overhauling Service - cars; MARUTI SUZUKI INDIA LIMITED; Yes; Buyer Premises,1,1,2,0,False,False,2026-05-09T19:34:36Z,2026-05-12T20:00:00Z,Ministry of Home Affairs,Central Armed Police Forces,40591124,services_home_gene
9310091,GEM/2026/B/7522692,,Bid,Repair and Overhauling Service - cars; TATA MOTORS; Yes; Buyer Premises,Repair and Overhauling Service - cars; TATA MOTORS; Yes; Buyer Premises,1,1,2,0,False,False,2026-05-09T19:16:19Z,2026-05-12T20:00:00Z,Ministry of Home Affairs,Central Armed Police Forces,40591124,services_home_gene
9310074,GEM/2026/B/7522676,,Bid,Goods Transport Service – Per KM Based Service - Open Water; Water Tank Truck; Heavy Tanker,Goods Transport Service – Per KM Based Service - Open Water; Water Tank Truck; Heavy Tanker,60,1,2,0,False,False,2026-05-09T19:24:22Z,2026-05-12T20:00:00Z,Ministry of Defence,Department of Military Affairs,SoumitraDey2024,services_home_good_go61253067
9310070,GEM/2026/B/7522672,,Bid,Repair and Overhauling Service - cars; Mahindra & Mahindra; Yes; Buyer Premises,Repair and Overhauling Service - cars; Mahindra & Mahindra; Yes; Buyer Premises,1,1,2,0,False,False,2026-05-09T19:04:10Z,2026-05-12T20:00:00Z,Ministry of Home Affairs,Central Armed Police Forces,40591124,services_home_gene
9310886,GEM/2026/R/665812,GEM/2026/B/7478159,RA,"cabinet type wash basin,besin mixer,alphabets for name plate,knife set of 6 pcs,call bell wireless ","cabinet type wash basin,besin mixer,alphabets for name plate,knife set of 6 pcs,call bell wireless with battery,quilt cover,dsc token,bajaj oil radiator 11 fins,smart led display board",25,9,2,0,False,True,2026-05-11T20:00:00Z,2026-05-12T20:00:00Z,Ministry of Defence,Department of Military Affairs,OC306@52,home_boq_boql_boql_boq
9310884,GEM/2026/R/665811,GEM/2026/B/7439749,RA,Net Camouflage Shrimp Type (Defence),Net Camouflage Shrimp Type (Defence),158,1,2,0,False,False,2026-05-11T20:00:00Z,2026-05-12T20:00:00Z,Ministry of Defence,Department of Military Affairs,rahul_5,home_mine_fabr_spec_netc
9310849,GEM/2026/R/665803,GEM/2026/B/7477761,RA,LV6/MT14 NIV/01/2024/TYRE TYRE 245/75 R16 120/116R T/L,LV6/MT14 NIV/01/2024/TYRE TYRE 245/75 R16 120/116R T/L,20,1,2,1,False,False,2026-05-11T20:00:00Z,2026-05-12T20:00:00Z,Ministry of Defence,Department of Military Affairs,OIC@ICW,home_univ_univ_univ_univ
9310117,GEM/2026/B/7522716,,Bid,Repair and Overhauling Service - cars; MARUTI SUZUKI INDIA LIMITED; Yes; Buyer Premises,Repair and Overhauling Service - cars; MARUTI SUZUKI INDIA LIMITED; Yes; Buyer Premises,1,1,2,0,False,False,2026-05-09T19:34:36Z,2026-05-12T20:00:00Z,Ministry of Home Affairs,Central Armed Police Forces,40591124,services_home_gene
9310091,GEM/2026/B/7522692,,Bid,Repair and Overhauling Service - cars; TATA MOTORS; Yes; Buyer Premises,Repair and Overhauling Service - cars; TATA MOTORS; Yes; Buyer Premises,1,1,2,0,False,False,2026-05-09T19:16:19Z,2026-05-12T20:00:00Z,Ministry of Home Affairs,Central Armed Police Forces,40591124,services_home_gene
9310074,GEM/2026/B/7522676,,Bid,Goods Transport Service – Per KM Based Service - Open Water; Water Tank Truck; Heavy Tanker,Goods Transport Service – Per KM Based Service - Open Water; Water Tank Truck; Heavy Tanker,60,1,2,0,False,False,2026-05-09T19:24:22Z,2026-05-12T20:00:00Z,Ministry of Defence,Department of Military Affairs,SoumitraDey2024,services_home_good_go61253067
9310070,GEM/2026/B/7522672,,Bid,Repair and Overhauling Service - cars; Mahindra & Mahindra; Yes; Buyer Premises,Repair and Overhauling Service - cars; Mahindra & Mahindra; Yes; Buyer Premises,1,1,2,0,False,False,2026-05-09T19:04:10Z,2026-05-12T20:00:00Z,Ministry of Home Affairs,Central Armed Police Forces,40591124,services_home_gene
9277656,GEM/2026/B/7493487,,Bid,"Paint Black,Car Coolant,Brake Fluid Dot 4,Oil Filter 3RD,Engine Air Filter,Dash Board Polish,Glass ","Paint Black,Car Coolant,Brake Fluid Dot 4,Oil Filter 3RD,Engine Air Filter,Dash Board Polish,Glass Cleaners,Microfiber Cloths,Distilled Water for Battery,Welding Rods,Thinner",365,11,2,0,False,True,2026-04-30T20:25:02Z,2026-05-12T20:00:00Z,Ministry of Defence,Department of Military Affairs,george2222,home_boq_boql_boql_boq
9286883,GEM/2026/B/7501597,,Bid,Monthly Basis Cab & Taxi Hiring Services - Sedan; 2500 km x 320 hours; Local,Monthly Basis Cab & Taxi Hiring Services - Sedan; 2500 km x 320 hours; Local,1,1,2,0,False,False,2026-05-05T19:38:05Z,2026-05-12T20:00:00Z,Ministry of Information and Broadcasting,Ministry of Information and Broadcasting,airsilchar,services_home_ve54336454_mont
9270781,GEM/2026/B/7487277,,Bid,Fogging Machine (V2) as per IS 14855 (Part 1),Fogging Machine (V2) as per IS 14855 (Part 1),1,1,2,0,False,False,2026-04-29T13:22:08Z,2026-05-12T20:00:00Z,,Urban Development Department Uttar Pradesh,buycon2.np.unnao@gembuyer.in,home_fa68031381_agri_disp_fogg
9131032,GEM/2026/B/7364198,,Bid,ESTABLISHMENT OF SCIENCE AND SPACE LAB,ESTABLISHMENT OF SCIENCE AND SPACE LAB,1,1,2,1,False,False,2026-04-18T19:13:45Z,2026-05-12T20:00:00Z,,Urban Development Department Uttar Pradesh,Rajan@1977,home_univ_univ_univ_univ
9282836,GEM/2026/B/7498088,,Bid,Repair and Overhauling Service - Tractors (V1); New Holland; Yes; Buyer Premises,Repair and Overhauling Service - Tractors (V1); New Holland; Yes; Buyer Premises,1,1,2,0,False,False,2026-05-09T18:16:43Z,2026-05-12T19:00:00Z,Ministry of Home Affairs,Central Armed Police Forces,BHAWANIUT,services_home_gene
9282012,GEM/2026/B/7497360,,Bid,Drinking Water Coolers (V4) ISI Marked To IS 1475,Drinking Water Coolers (V4) ISI Marked To IS 1475,1,1,2,0,False,False,2026-05-02T18:51:47Z,2026-05-12T19:00:00Z,,Urban Development Department Uttar Pradesh,buyerramganj,home_dist_heat_cool_dr07113352
9281993,GEM/2026/B/7497342,,Bid,"BRAKE SHOE,WEATHER STRIP,LINK ROD,FRONT D BUSH,BRAKE SHOE MAJ KIT,ASSY REAR SUSPENSION BUSH UPPER L","BRAKE SHOE,WEATHER STRIP,LINK ROD,FRONT D BUSH,BRAKE SHOE MAJ KIT,ASSY REAR SUSPENSION BUSH UPPER LINK,SUCTION PIPE ASSY FIREWALL TO FILTER,ASSY BALL JOINTS SUPPER WISHBONE,ASSY REAR BUMP STOPPER REAR SUSPENSION,ASSY PARKING BRAKE CABLE",18,10,2,0,False,True,2026-05-02T18:49:31Z,2026-05-12T19:00:00Z,Ministry of Defence,Department of Military Affairs,buyer271,home_boq_boql_boql_boq
9281987,GEM/2026/B/7497336,,Bid,Drinking Water Coolers (V4) ISI Marked To IS 1475,Drinking Water Coolers (V4) ISI Marked To IS 1475,1,1,2,0,False,False,2026-05-02T18:43:59Z,2026-05-12T19:00:00Z,,Urban Development Department Uttar Pradesh,buyerramganj,home_dist_heat_cool_dr07113352
9281963,GEM/2026/B/7497314,,Bid,Drinking Water Coolers (V4) ISI Marked To IS 1475,Drinking Water Coolers (V4) ISI Marked To IS 1475,1,1,2,0,False,False,2026-05-02T18:36:01Z,2026-05-12T19:00:00Z,,Urban Development Department Uttar Pradesh,buyerramganj,home_dist_heat_cool_dr07113352
9281940,GEM/2026/B/7497299,,Bid,"Fevicol SR 998,Starter Motor,AVR,AC DC Converter,Tape Insulation","Fevicol SR 998,Starter Motor,AVR,AC DC Converter,Tape Insulation",28,5,2,0,False,True,2026-05-02T18:24:19Z,2026-05-12T19:00:00Z,Ministry of Defence,Department of Military Affairs,lkgurjar,home_boq_boql_boql_boq
9281910,GEM/2026/B/7497276,,Bid,"MAC AIR 15” WITH M5/M4 CHIP,M5/M4 CHIP PRO 11","MAC AIR 15” WITH M5/M4 CHIP,M5/M4 CHIP PRO 11",2,2,2,1,False,False,2026-05-02T18:21:32Z,2026-05-12T19:00:00Z,Ministry of Defence,Department of Military Affairs,Buyer54fd,home_univ_univ_univ_univ
9281902,GEM/2026/B/7497270,,Bid,Drinking Water Coolers (V4) ISI Marked To IS 1475,Drinking Water Coolers (V4) ISI Marked To IS 1475,40,1,2,0,False,False,2026-05-02T18:21:54Z,2026-05-12T19:00:00Z,,Urban Development Department Uttar Pradesh,buyermpi,home_dist_heat_cool_dr07113352
9281899,GEM/2026/B/7497267,,Bid,Manpower Outsourcing Services - Minimum wage - Unskilled; High School; Admin,Manpower Outsourcing Services - Minimum wage - Unskilled; High School; Admin,20,1,2,0,False,False,2026-05-02T18:38:18Z,2026-05-12T19:00:00Z,Ministry of Education,Department of School Education and Literacy,buyer118.nvs,services_home_manp_manp
9281884,GEM/2026/B/7497253,,Bid,"Brake Booster Rep Kit,Bty Switch wire to Ground,Rotary Switch,Combination Switch,Side Lamp,Eyelet B","Brake Booster Rep Kit,Bty Switch wire to Ground,Rotary Switch,Combination Switch,Side Lamp,Eyelet Brass,Fan,Drive Pinion",16,8,2,0,False,True,2026-05-02T18:04:48Z,2026-05-12T19:00:00Z,Ministry of Defence,Department of Military Affairs,lkgurjar,home_boq_boql_boql_boq
9281859,GEM/2026/B/7497229,,Bid,"PA Lecture Stand,Flex Board Stand Stainless Steel,Presenter,Laser Pointer Green,Stop Watch,White Bo","PA Lecture Stand,Flex Board Stand Stainless Steel,Presenter,Laser Pointer Green,Stop Watch,White Board 4 x 3 Feet,Battery 180 AH,Water Camper 15 Ltrs,Canvas Cloth Tarpauline 30 x 30 Feet",43,9,2,0,False,True,2026-05-02T18:22:30Z,2026-05-12T19:00:00Z,Ministry of Defence,Department of Military Affairs,adjtsikh@900409123,home_boq_boql_boql_boq
9281701,GEM/2026/B/7497093,,Bid,Annual Maintenance service-AIR CONDITIONER,Annual Maintenance service-AIR CONDITIONER,1,1,2,0,False,False,2026-05-02T18:04:55Z,2026-05-12T19:00:00Z,,Energy Department Uttar Pradesh,ee_chd1_etps_harduaganj,services_home_an05563325_annu
9218727,GEM/2026/B/7440510,,Bid,Pole Mounted Stainless Steel Dustbin (V2),Pole Mounted Stainless Steel Dustbin (V2),260,1,2,0,False,False,2026-04-14T11:20:08Z,2026-05-12T19:00:00Z,,Urban Development Department Uttar Pradesh,buyerramganj,home_clea_jani_wast_pole
9279201,GEM/2026/B/7494882,,Bid,"Bowl rubber for plaster large,Knife plaster fig 2,Knife wax large fig 1 fahnstocks,Carver and wax s","Bowl rubber for plaster large,Knife plaster fig 2,Knife wax large fig 1 fahnstocks,Carver and wax spatula wax fig 5,Fox plane,Heavy wire cutter,Teflon coated composite instrument set,Guttapercha cutter,Endoblock",22,9,2,0,False,True,2026-05-01T18:23:41Z,2026-05-12T19:00:00Z,Ministry of Defence,Department of Military Affairs,Tusharshinde,home_boq_boql_boql_boq
9278100,GEM/2026/B/7493882,,Bid,"Towel Ring Square of Jaguar brand or equivalent brand,Toilet Roll Holder of Jaguar brand or equival","Towel Ring Square of Jaguar brand or equivalent brand,Toilet Roll Holder of Jaguar brand or equivalent brand,Glass Shelf 600 mm long,Towel Rack 600 mm long without lower hang with 5 mm thickness of modigned,Hand Shower health faucet with 8 mm thickness of modigned,waste coupling 32 mm size full thread of jaguar brand or equvalent,Rimless single piece wc with pp soft clo of jaguar brand or equivalent,pillar cock with 190 mm extension body of jaguar brand or equvalent,Bib cock with wall flange of jaguar brand or equivalent brand,Angular stop cock of jaguar brand or equivalent brand,single lever wall mixer with provision,table top basin of jaguar brand or equivalent brand physical approval of proj offr before installation,maze overhead shower 150 150 mm square of jaguar brand or equivalent brand,shower arm 20 mm dia 450 mm long round of jaguar brand or equivalent brand,comprehensive warranty of entire fitting and labour charges for complete installation",20,15,2,0,False,True,2026-05-02T18:21:10Z,2026-05-12T19:00:00Z,Ministry of Defence,Department of Military Affairs,vipinsemwal.298y@gov.in,home_boq_boql_boql_boq
9275568,GEM/2026/B/7491581,,Bid,Custom Bid for Services - ANNUAL MAINTAINANCE CONTRACT OF COMPUTERS & OTHER IT PERIPHERALS (EXCLUDI,Custom Bid for Services - ANNUAL MAINTAINANCE CONTRACT OF COMPUTERS & OTHER IT PERIPHERALS (EXCLUDING HARDWARE),1,1,2,0,False,False,2026-05-01T19:42:26Z,2026-05-12T19:00:00Z,Ministry of Consumer Affairs Food and Public Distribution,Department of Food and Public Distribution,m_computer,services_home_cust
9248224,GEM/2026/B/7467028,,Bid,"Solar Power Plant (Roof Top) for ONGRID System, Single Phase","Solar Power Plant (Roof Top) for ONGRID System, Single Phase",1,1,2,0,False,False,2026-04-22T18:05:16Z,2026-05-12T19:00:00Z,,Department of Panchayati Raj,PR-KHIDANGIPAR-FFC-V-MGR,home_powe_po73836584_powe_so51063880
9310844,GEM/2026/R/665802,GEM/2026/B/7436876,RA,"J1 7105-000001,H5 1080-000009,K5 6260-000029 1,K6 KND NIV BK 54,K3 7210-000018","J1 7105-000001,H5 1080-000009,K5 6260-000029 1,K6 KND NIV BK 54,K3 7210-000018",36848,5,2,0,False,True,2026-05-11T19:00:00Z,2026-05-12T19:00:00Z,Ministry of Defence,Department of Military Affairs,rahul_5,home_boq_boql_boql_boq
9310061,GEM/2026/B/7522664,,Bid,Repair and Overhauling Service - built up trucks; Tatra; Yes; Buyer Premises,Repair and Overhauling Service - built up trucks; Tatra; Yes; Buyer Premises,3,1,2,0,False,False,2026-05-09T19:10:47Z,2026-05-12T19:00:00Z,Ministry of Defence,Department of Military Affairs,tssclerk984@984,services_home_gene
9310019,GEM/2026/B/7522625,,Bid,Cheese,Cheese,1020,1,2,0,False,False,2026-05-09T18:43:45Z,2026-05-12T19:00:00Z,Ministry of Defence,Department of Military Affairs,Sahiba_Sidhu,home_fo61163888_dair_chee_chee
9270672,GEM/2026/B/7487180,,Bid,Truck Mounted Boom Lift Platform,Truck Mounted Boom Lift Platform,1,1,2,0,False,False,2026-04-29T13:23:24Z,2026-05-12T19:00:00Z,,Urban Development Department Uttar Pradesh,buycon2.np.unnao@gembuyer.in,home_ve66014551_moto_spec_tr47855841
9275568,GEM/2026/B/7491581,,Bid,Custom Bid for Services - ANNUAL MAINTAINANCE CONTRACT OF COMPUTERS & OTHER IT PERIPHERALS (EXCLUDI,Custom Bid for Services - ANNUAL MAINTAINANCE CONTRACT OF COMPUTERS & OTHER IT PERIPHERALS (EXCLUDING HARDWARE),1,1,2,0,False,False,2026-05-01T19:42:26Z,2026-05-12T19:00:00Z,Ministry of Consumer Affairs Food and Public Distribution,Department of Food and Public Distribution,m_computer,services_home_cust
9248224,GEM/2026/B/7467028,,Bid,"Solar Power Plant (Roof Top) for ONGRID System, Single Phase","Solar Power Plant (Roof Top) for ONGRID System, Single Phase",1,1,2,0,False,False,2026-04-22T18:05:16Z,2026-05-12T19:00:00Z,,Department of Panchayati Raj,PR-KHIDANGIPAR-FFC-V-MGR,home_powe_po73836584_powe_so51063880
9310748,GEM/2026/R/665796,GEM/2026/B/7395524,RA,"Chilli powder 500gm,Red Chilli Whole,Turmeric Powder 500gm,Coriander Powder 500gm,Garam Masala 100g","Chilli powder 500gm,Red Chilli Whole,Turmeric Powder 500gm,Coriander Powder 500gm,Garam Masala 100gm,Chicken Masala 100gm,Black Pepper Whole,Sambar Powder 100gm,Meat Masala 100gm,Paneer Masala 100gm Cottage Cheese,Chat Masala 100gm,Dry Mango Powder 100gm,Carom Seed Ajwain,Large Cardamom,Small Cardamom Elachi small,Cloves,Cinnamon Dalchini,Garlic,Hing Powder 50gm Asafoetida,Tamarind Pulp Imli,Cumin Whole,Dried Fenugreek Leaves Kassori methi 100gm,Fenugreek seeds Methi seeds,Mustard Seeds,Pickle 5Kgs,Tej Patta Bay Leaf,Vinegar with Sealed Cap 500ml,Papad 200gm,Sabudana Sago,Semia 500gm,Custard Powder,Corn Flour 200gm,Groundnut,Kashmiri Chilli 100gm,Biriyani Masala 100gm,Baking Powder 200gm,Chola Masala 100gm,Coriander Whole,White Pepper Powder 100gm,Dried Watermelon Seeds",24572,40,2,0,False,True,2026-05-11T17:00:00Z,2026-05-12T18:09:12Z,Ministry of Defence,Department of Military Affairs,buycon3061.ia.ka@gembuyer.in,home_boq_boql_boql_boq
9310707,GEM/2026/R/665791,GEM/2026/B/7452286,RA,Happy Seeder,Happy Seeder,30,1,2,0,False,False,2026-05-11T16:00:00Z,2026-05-12T18:01:36Z,,Agriculture Marketing and Export Department Uttar Pradesh,secbahjoi,home_fa68031381_agri_ag07822828_happ
9308767,GEM/2026/B/7521503,,Bid,"Cheese,Cheese","Cheese,Cheese",1100,2,2,0,False,False,2026-05-09T17:44:06Z,2026-05-12T18:00:00Z,Ministry of Defence,Department of Military Affairs,Sahiba_Sidhu,home_fo61163888_dair_chee_chee
9243545,GEM/2026/B/7462762,,Bid,"Matteress,Bed Sheet,Towel,Pillow Cover,Blanket","Matteress,Bed Sheet,Towel,Pillow Cover,Blanket",2140,5,2,0,False,True,2026-04-21T17:36:00Z,2026-05-12T18:00:00Z,Ministry of Tribal Affairs,Ministry of Tribal Affairs,principal-0611180@nests.tribal.gov.in,home_boq_boql_boql_boq
9243538,GEM/2026/B/7462756,,Bid,Security Manpower Service (Version 2.0) - Office/Commercial/Institutions/ Residential; Unarmed Secu,"Security Manpower Service (Version 2.0) - Office/Commercial/Institutions/ Residential; Unarmed Security Guard,Manpower Outsourcing Services - Minimum wage - Unskilled; Not Required; Others,Manpower Outsourcing Services - Minimum wage - Unskilled; Not Required; Others,Manpower Outsourcing Services - Minimum wage - Unskilled; High School; Others",15,4,2,0,False,False,2026-04-21T18:16:49Z,2026-05-12T18:00:00Z,Ministry of Education,Department of School Education and Literacy,BUYERKVBULANDSHAHAR,"services_home_manp_se16760331,services_home_manp_manp"
9301859,GEM/2026/B/7515287,,Bid,Monthly Basis Cab & Taxi Hiring Services - Sedan; 2500 km x 320 hours; Local,Monthly Basis Cab & Taxi Hiring Services - Sedan; 2500 km x 320 hours; Local,1,1,2,0,False,False,2026-05-07T17:59:15Z,2026-05-12T18:00:00Z,Ministry of Railways,Railways Public Sector Undertakings,ui.mumbai.buyer,services_home_ve54336454_mont
9281839,GEM/2026/B/7497212,,Bid,Octagonal Pole (V2),Octagonal Pole (V2),45,1,2,0,False,False,2026-05-02T17:54:17Z,2026-05-12T18:00:00Z,,Urban Development Department Uttar Pradesh,CLNPAKABN,home_el05420327_ligh_port_oc40878326
9281807,GEM/2026/B/7497188,,Bid,Octagonal Pole (V2),Octagonal Pole (V2),16,1,2,0,False,False,2026-05-02T17:43:58Z,2026-05-12T18:00:00Z,,Urban Development Department Uttar Pradesh,CLNPAKABN,home_el05420327_ligh_port_oc40878326
9281705,GEM/2026/B/7497096,,Bid,"Clutch Master Cyl Assy,Slave Cyl Assy,Tensioner Belt,Repair kit Air Drayer,Repair Kit for Spring Br","Clutch Master Cyl Assy,Slave Cyl Assy,Tensioner Belt,Repair kit Air Drayer,Repair Kit for Spring Brake Chamber,Suspension Bush Kit,Safety Thermo Switch",11,7,2,0,False,True,2026-05-02T17:15:16Z,2026-05-12T18:00:00Z,Ministry of Defence,Department of Military Affairs,ts290,home_boq_boql_boql_boq
9281670,GEM/2026/B/7497064,,Bid,Off - Grid Solar Photovoltaic (PV) Power Plant (V2),Off - Grid Solar Photovoltaic (PV) Power Plant (V2),1,1,2,0,False,False,2026-05-02T17:09:01Z,2026-05-12T18:00:00Z,,Department of Panchayati Raj,PR-TAWHAREWADI-FFC-V1-MGR,home_powe_po73836584_powe_of07864636
9281638,GEM/2026/B/7497038,,Bid,"Title1,Title2,Title 3,Title 4,Title 5","Title1,Title2,Title 3,Title 4,Title 5",38,5,2,0,False,True,2026-05-02T17:07:10Z,2026-05-12T18:00:00Z,Ministry of Finance,Department of Financial Services,SBI13494.BUYCON1,home_boq_boql_boql_boq
9281608,GEM/2026/B/7497011,,Bid,"Equal Angle 50 x 50 x 6 (IS 2062),Equal Angle 65 x 65 x 6 (IS 2062),Equal Angle 75 x 75 x 10 (IS 20","Equal Angle 50 x 50 x 6 (IS 2062),Equal Angle 65 x 65 x 6 (IS 2062),Equal Angle 75 x 75 x 10 (IS 2062)",7044,3,2,1,False,False,2026-05-02T17:18:27Z,2026-05-12T18:00:00Z,"Ministry of Ports, Shipping and Waterways",HOOGHLY COCHIN SHIPYARD LIMITED,girishgupta,home_univ_univ_univ_univ
9238137,GEM/2026/B/7457879,,Bid,Monthly Basis Cab & Taxi Hiring Services - Premium Sedan; 2500 km x 320 hours; Local 24*7,Monthly Basis Cab & Taxi Hiring Services - Premium Sedan; 2500 km x 320 hours; Local 24*7,1,1,2,0,False,False,2026-04-21T18:14:17Z,2026-05-12T18:00:00Z,Ministry of Labour and Employment,NA,Soumya@079,services_home_ve54336454_mont
9301859,GEM/2026/B/7515287,,Bid,Monthly Basis Cab & Taxi Hiring Services - Sedan; 2500 km x 320 hours; Local,Monthly Basis Cab & Taxi Hiring Services - Sedan; 2500 km x 320 hours; Local,1,1,2,0,False,False,2026-05-07T17:59:15Z,2026-05-12T18:00:00Z,Ministry of Railways,Railways Public Sector Undertakings,ui.mumbai.buyer,services_home_ve54336454_mont
9308767,GEM/2026/B/7521503,,Bid,"Cheese,Cheese","Cheese,Cheese",1100,2,2,0,False,False,2026-05-09T17:44:06Z,2026-05-12T18:00:00Z,Ministry of Defence,Department of Military Affairs,Sahiba_Sidhu,home_fo61163888_dair_chee_chee
9277115,GEM/2026/B/7493000,,Bid,"FLICK VALAVE,SUSPENSION BUSH KIT SET,TEMP SENSORE PERICOL,FUEL PIPE,THRAST WASHER,DRIVE END FLANGE,","FLICK VALAVE,SUSPENSION BUSH KIT SET,TEMP SENSORE PERICOL,FUEL PIPE,THRAST WASHER,DRIVE END FLANGE,BRUSH CARRIER ASSY",13,7,2,0,False,True,2026-04-30T17:41:24Z,2026-05-12T18:00:00Z,Ministry of Defence,Department of Military Affairs,PAWAR@UTTAM,home_boq_boql_boql_boq
9276379,GEM/2026/B/7492322,,Bid,High mast pole for national flags (V2),High mast pole for national flags (V2),1,1,2,0,False,False,2026-05-01T18:07:59Z,2026-05-12T18:00:00Z,,Urban Development Department Uttar Pradesh,Mohdkhaliq.1983,home_st67220504_port_port_hi72071638
9243545,GEM/2026/B/7462762,,Bid,"Matteress,Bed Sheet,Towel,Pillow Cover,Blanket","Matteress,Bed Sheet,Towel,Pillow Cover,Blanket",2140,5,2,0,False,True,2026-04-21T17:36:00Z,2026-05-12T18:00:00Z,Ministry of Tribal Affairs,Ministry of Tribal Affairs,principal-0611180@nests.tribal.gov.in,home_boq_boql_boql_boq
9301859,GEM/2026/B/7515287,,Bid,Monthly Basis Cab & Taxi Hiring Services - Sedan; 2500 km x 320 hours; Local,Monthly Basis Cab & Taxi Hiring Services - Sedan; 2500 km x 320 hours; Local,1,1,2,0,False,False,2026-05-07T17:59:15Z,2026-05-12T18:00:00Z,Ministry of Railways,Railways Public Sector Undertakings,ui.mumbai.buyer,services_home_ve54336454_mont
9304688,GEM/2026/R/665215,GEM/2026/B/7441235,RA,COMPUTER NVIDIA GRAPHIC CARD P/N 2518751238-17,COMPUTER NVIDIA GRAPHIC CARD P/N 2518751238-17,5,1,2,1,False,False,2026-05-09T14:00:00Z,2026-05-12T17:27:26Z,Ministry of Defence,Department of Defence Production,HALHelicopterIMMBuyer20,home_univ_univ_univ_univ
9310739,GEM/2026/R/665794,GEM/2026/B/7176367,RA,"Stationary Valve Regulated Lead Acid Batteries (V3) Conforming To IS 15549,Stationary Valve Regulat","Stationary Valve Regulated Lead Acid Batteries (V3) Conforming To IS 15549,Stationary Valve Regulated Lead Acid Batteries (V3) Conforming To IS 15549,Stationary Valve Regulated Lead Acid Batteries (V3) Conforming To IS 15549,Stationary Valve Regulated Lead Acid Batteries (V3) Conforming To IS 15549,Stationary Lead Acid Batteries (with Tubular Positive Plates) in Monobloc Container (V2) Conforming To IS 13369,Stationary Valve Regulated Lead Acid Batteries (V3) Conforming To IS 15549,Stationary Valve Regulated Lead Acid Batteries (V3) Conforming To IS 15549,Stationary Valve Regulated Lead Acid Batteries (V3) Conforming To IS 15549,Stationary Valve Regulated Lead Acid Batteries (V3) Conforming To IS 15549",25,9,2,0,False,False,2026-05-11T17:00:00Z,2026-05-12T17:02:54Z,Ministry of Defence,Department of Military Affairs,19sls,"home_powe_batt_batt_st87064165,home_powe_batt_batt_st72711751"
9310742,GEM/2026/R/665795,GEM/2026/B/7460645,RA,"Ajwain,Alkanet Root Ratanjot,Baby Leaf,Besan,Biriyani Masala,Black Cardmom,Black Chana,Black Paper ","Ajwain,Alkanet Root Ratanjot,Baby Leaf,Besan,Biriyani Masala,Black Cardmom,Black Chana,Black Paper Pdr,Black Paper Whole,Black Salt,Broken Cashew,Cashew,Chandi Baruk,Chat Masala,Chicken Masala,Chillie Flakes,Cloves,Coconut Milk,Coconut Oil,Cornflour,Corriander pdr,Corriander Whole,Cumin Seeds,Dry Mango Pdr,Fenu Greek Seeds,Fresh Cream,Garam Masala Pdr,Ghee,Green Cardamom,Green Chilli Sauce,Green Peas Fzn,Hing,Jaggery,Kashmiri Lal Mirch,Kewra Water,Kitchen King Masala,Maze,Melon Seeds,Mix Dry Fruits,Mustard Seeds,Mutton Masala,Nutmeg,Olive Oil,Onion Seeds,Peanut,Rassam Masala,Red Chilli Powder,Red Chillile Sauce 750 ml,Red Colour 100 gm,Rose Water,Rosted Chana Pdr,Sambar Masala,Saunf,Seasme Seeds,Soya Suace 01 ltr,Star Anaise,Sweet Corn,Tarmarind,Tomato Puree 850 gm,Tomato Sauce 1 ltr,Turmeric Powder,Vinegar,White Papper Pdr,Whole Spices",2033,64,2,0,False,True,2026-05-11T17:00:00Z,2026-05-12T17:00:00Z,Ministry of Defence,Department of Military Affairs,buycon3061.ia.ka@gembuyer.in,home_boq_boql_boql_boq
9306450,GEM/2026/B/7519451,,Bid,Internet Bandwidth and Replication Service - Internet Leased Line; Private Service provider; NA; NA,Internet Bandwidth and Replication Service - Internet Leased Line; Private Service provider; NA; NA; 8,1,1,2,0,False,False,2026-05-08T16:43:37Z,2026-05-12T17:00:00Z,Ministry of Defence,Department of Military Affairs,geutilityjaipur@gmail.com,services_home_band_inte
9281605,GEM/2026/B/7497008,,Bid,RO Plant with Genset and Trolley,RO Plant with Genset and Trolley,1,1,2,0,False,False,2026-05-02T16:55:09Z,2026-05-12T17:00:00Z,,Panchayat Raj Department Bihar,SANKARPUR@12345,home_dist_indu_puri_ropl
9281599,GEM/2026/B/7497002,,Bid,Custom Bid for Services - massing camp,Custom Bid for Services - massing camp,1,1,2,0,False,False,2026-05-02T16:58:46Z,2026-05-12T17:00:00Z,Ministry of Defence,Department of Defence,Dinesh@6951,services_home_cust
9281593,GEM/2026/B/7496997,,Bid,RO Plant with Genset and Trolley,RO Plant with Genset and Trolley,1,1,2,0,False,False,2026-05-02T16:54:36Z,2026-05-12T17:00:00Z,,Panchayat Raj Department Bihar,SANKARPUR@12345,home_dist_indu_puri_ropl
9281574,GEM/2026/B/7496980,,Bid,RO Plant with Genset and Trolley,RO Plant with Genset and Trolley,1,1,2,0,False,False,2026-05-02T16:54:13Z,2026-05-12T17:00:00Z,,Panchayat Raj Department Bihar,SANKARPUR@12345,home_dist_indu_puri_ropl
9281553,GEM/2026/B/7496963,,Bid,Apple Macbook Air M5,Apple Macbook Air M5,1,1,2,1,False,False,2026-05-02T16:43:57Z,2026-05-12T17:00:00Z,Ministry of Defence,Department of Defence,BUYER@5G,home_univ_univ_univ_univ
9258603,GEM/2026/B/7476455,,Bid,Fogging Machine (V2) as per IS 14855 (Part 1),Fogging Machine (V2) as per IS 14855 (Part 1),2,1,2,0,False,False,2026-04-27T10:58:25Z,2026-05-12T17:00:00Z,,Urban Development Department Uttar Pradesh,dhaura2,home_fa68031381_agri_disp_fogg
9258554,GEM/2026/B/7476411,,Bid,Steel Wheelbarrows,Steel Wheelbarrows,27,1,2,0,False,False,2026-04-27T10:57:44Z,2026-05-12T17:00:00Z,,Urban Development Department Uttar Pradesh,dhaura2,home_mate_mate_indu_stee
9258514,GEM/2026/B/7476375,,Bid,Tanker on Agricultural Trailer,Tanker on Agricultural Trailer,1,1,2,0,False,False,2026-04-27T10:58:49Z,2026-05-12T17:00:00Z,,Urban Development Department Uttar Pradesh,dhaura2,home_ve66014551_moto_spec_tank
9258479,GEM/2026/B/7476343,,Bid,Tanker on Agricultural Trailer,Tanker on Agricultural Trailer,1,1,2,0,False,False,2026-04-27T10:57:14Z,2026-05-12T17:00:00Z,,Urban Development Department Uttar Pradesh,dhaura2,home_ve66014551_moto_spec_tank
9272030,GEM/2026/B/7488411,,Bid,"Supply of Fighting PDs,Supply of Construction Material,Supply of Steel Items,Supply of Shuttering a","Supply of Fighting PDs,Supply of Construction Material,Supply of Steel Items,Supply of Shuttering and nails,Supply of Lightening Conductor,Supply of Tools",101,6,2,0,False,True,2026-04-29T16:55:15Z,2026-05-12T17:00:00Z,Ministry of Defence,Department of Military Affairs,Epo@54,home_boq_boql_boql_boq
9267924,GEM/2026/B/7484678,,Bid,Fabricated Special Purpose Vehicle on Truck/Van,Fabricated Special Purpose Vehicle on Truck/Van,1,1,2,0,False,False,2026-04-28T16:17:11Z,2026-05-12T17:00:00Z,,Urban Development Department Uttar Pradesh,buycon3.npp.sitapur,home_ve66014551_moto_spec_fabr
9281605,GEM/2026/B/7497008,,Bid,RO Plant with Genset and Trolley,RO Plant with Genset and Trolley,1,1,2,0,False,False,2026-05-02T16:55:09Z,2026-05-12T17:00:00Z,,Panchayat Raj Department Bihar,SANKARPUR@12345,home_dist_indu_puri_ropl
9281599,GEM/2026/B/7497002,,Bid,Custom Bid for Services - massing camp,Custom Bid for Services - massing camp,1,1,2,0,False,False,2026-05-02T16:58:46Z,2026-05-12T17:00:00Z,Ministry of Defence,Department of Defence,Dinesh@6951,services_home_cust
9281593,GEM/2026/B/7496997,,Bid,RO Plant with Genset and Trolley,RO Plant with Genset and Trolley,1,1,2,0,False,False,2026-05-02T16:54:36Z,2026-05-12T17:00:00Z,,Panchayat Raj Department Bihar,SANKARPUR@12345,home_dist_indu_puri_ropl
9281574,GEM/2026/B/7496980,,Bid,RO Plant with Genset and Trolley,RO Plant with Genset and Trolley,1,1,2,0,False,False,2026-05-02T16:54:13Z,2026-05-12T17:00:00Z,,Panchayat Raj Department Bihar,SANKARPUR@12345,home_dist_indu_puri_ropl
9310742,GEM/2026/R/665795,GEM/2026/B/7460645,RA,"Ajwain,Alkanet Root Ratanjot,Baby Leaf,Besan,Biriyani Masala,Black Cardmom,Black Chana,Black Paper ","Ajwain,Alkanet Root Ratanjot,Baby Leaf,Besan,Biriyani Masala,Black Cardmom,Black Chana,Black Paper Pdr,Black Paper Whole,Black Salt,Broken Cashew,Cashew,Chandi Baruk,Chat Masala,Chicken Masala,Chillie Flakes,Cloves,Coconut Milk,Coconut Oil,Cornflour,Corriander pdr,Corriander Whole,Cumin Seeds,Dry Mango Pdr,Fenu Greek Seeds,Fresh Cream,Garam Masala Pdr,Ghee,Green Cardamom,Green Chilli Sauce,Green Peas Fzn,Hing,Jaggery,Kashmiri Lal Mirch,Kewra Water,Kitchen King Masala,Maze,Melon Seeds,Mix Dry Fruits,Mustard Seeds,Mutton Masala,Nutmeg,Olive Oil,Onion Seeds,Peanut,Rassam Masala,Red Chilli Powder,Red Chillile Sauce 750 ml,Red Colour 100 gm,Rose Water,Rosted Chana Pdr,Sambar Masala,Saunf,Seasme Seeds,Soya Suace 01 ltr,Star Anaise,Sweet Corn,Tarmarind,Tomato Puree 850 gm,Tomato Sauce 1 ltr,Turmeric Powder,Vinegar,White Papper Pdr,Whole Spices",2033,64,2,0,False,True,2026-05-11T17:00:00Z,2026-05-12T17:00:00Z,Ministry of Defence,Department of Military Affairs,buycon3061.ia.ka@gembuyer.in,home_boq_boql_boql_boq
9309710,GEM/2026/B/7522351,,Bid,Comprehensive Annual Maintenance Services for Precision Air Conditioners,Comprehensive Annual Maintenance Services for Precision Air Conditioners,4,1,2,0,False,False,2026-05-09T16:09:19Z,2026-05-12T17:00:00Z,Ministry of Home Affairs,Central Armed Police Forces,prov137bnbsf,services_home_co42247415
9309663,GEM/2026/B/7522308,,Bid,"Repair, Maintenance, and Installation of Plant/ Systems/Equipments (Version 2) - Office Space; Supp","Repair, Maintenance, and Installation of Plant/ Systems/Equipments (Version 2) - Office Space; Supply and Installation of Exhaust Bellow and Pressure Gauge for 2 nos 750 KVA Gas Genset installed at BPCL Northern Regional Office Noida; As per tender",1,1,2,0,False,False,2026-05-09T16:20:07Z,2026-05-12T17:00:00Z,Ministry of Petroleum and Natural Gas,Bharat Petroleum Corporation Ltd,buycon2.bpcl.noida,services_home_repa_re22373363
9272030,GEM/2026/B/7488411,,Bid,"Supply of Fighting PDs,Supply of Construction Material,Supply of Steel Items,Supply of Shuttering a","Supply of Fighting PDs,Supply of Construction Material,Supply of Steel Items,Supply of Shuttering and nails,Supply of Lightening Conductor,Supply of Tools",101,6,2,0,False,True,2026-04-29T16:55:15Z,2026-05-12T17:00:00Z,Ministry of Defence,Department of Military Affairs,Epo@54,home_boq_boql_boql_boq
9267924,GEM/2026/B/7484678,,Bid,Fabricated Special Purpose Vehicle on Truck/Van,Fabricated Special Purpose Vehicle on Truck/Van,1,1,2,0,False,False,2026-04-28T16:17:11Z,2026-05-12T17:00:00Z,,Urban Development Department Uttar Pradesh,buycon3.npp.sitapur,home_ve66014551_moto_spec_fabr
9280286,GEM/2026/B/7495815,,Bid,"Manpower Outsourcing Services - Man-days based - Others; Skilled; skilled person,Manpower Outsourci","Manpower Outsourcing Services - Man-days based - Others; Skilled; skilled person,Manpower Outsourcing Services - Man-days based - Others; Unskilled; providing skilled and unskilled labour service for madhuvanthi irrigation scheme",1616,2,2,0,False,False,2026-05-02T16:23:44Z,2026-05-12T17:00:00Z,,Narmada Water Resources Water Supply and Kalpsar Department Gujarat,exejipd,services_home_manp_ma41218221
9306450,GEM/2026/B/7519451,,Bid,Internet Bandwidth and Replication Service - Internet Leased Line; Private Service provider; NA; NA,Internet Bandwidth and Replication Service - Internet Leased Line; Private Service provider; NA; NA; 8,1,1,2,0,False,False,2026-05-08T16:43:37Z,2026-05-12T17:00:00Z,Ministry of Defence,Department of Military Affairs,geutilityjaipur@gmail.com,services_home_band_inte
9262814,GEM/2026/B/7480077,,Bid,"SUPPLY INSTALLATION SABHAGAR ROOM COOLING SPLIT AC 2 TON,SUPPLY INSTALLATION JALKAL ROOM COOLING SP","SUPPLY INSTALLATION SABHAGAR ROOM COOLING SPLIT AC 2 TON,SUPPLY INSTALLATION JALKAL ROOM COOLING SPLIT AC 1 TON,SUPPLY INSTALLATION ADHISTHAPAN ROOM COOLING SPLIT AC 2 TON,SUPPLY INSTALLATION TAX ROOM COOLING SPLIT AC 1 POINT 5 TON,SUUPPLY INSTALLATION STABLIZER FOR SPLIT AC 2 TON,SUUPPLY INSTALLATION STABLIZER FOR SPLIT AC 1 POINT 5 TON",14,6,2,0,False,True,2026-04-27T14:46:09Z,2026-05-12T17:00:00Z,,Urban Development Department Uttar Pradesh,buyersandeepkumar,home_boq_boql_boql_boq
9238732,GEM/2026/B/7458424,,Bid,REAGENT FOR BIOCHEMISTRY DEPTT. FOR AU5800 (2026-27) .,REAGENT FOR BIOCHEMISTRY DEPTT. FOR AU5800 (2026-27) .,3,1,2,1,False,False,2026-04-21T18:50:31Z,2026-05-12T16:00:00Z,Ministry of Steel,Steel Authority of India Limited,buyer22.rsp.or,home_univ_univ_univ_univ
9251167,GEM/2026/B/7469692,,Bid,Safes (V3) ISI Marked to IS 550,Safes (V3) ISI Marked to IS 550,1,1,2,0,False,False,2026-04-23T15:26:49Z,2026-05-12T16:00:00Z,Ministry of Finance,Department of Financial Services,SBIRO62304.BUY_CON1,home_lawe_secu_lock_safe
9279424,GEM/2026/B/7495075,,Bid,Octagonal Pole (V2),Octagonal Pole (V2),91,1,2,0,False,False,2026-05-02T09:13:25Z,2026-05-12T16:00:00Z,,Urban Development Department Uttar Pradesh,pao@ganjmuradbad,home_el05420327_ligh_port_oc40878326
9279419,GEM/2026/B/7495070,,Bid,Octagonal Pole (V2),Octagonal Pole (V2),41,1,2,0,False,False,2026-05-02T09:13:47Z,2026-05-12T16:00:00Z,,Urban Development Department Uttar Pradesh,pao@ganjmuradbad,home_el05420327_ligh_port_oc40878326
9281280,GEM/2026/B/7496725,,Bid,SMART CLASS EQUIPMENT WITH DIGITAL CONTENTS SOFTWARE,SMART CLASS EQUIPMENT WITH DIGITAL CONTENTS SOFTWARE,1,1,2,0,False,False,2026-05-02T15:48:10Z,2026-05-12T16:00:00Z,,Rural Development Department,padalkarwadi.gp,home_info_so18353664_educ_smar
9281220,GEM/2026/B/7496667,,Bid,Hiring of Third-Party Inspection Agency - Oil and Gas; API Casings 13 3/8 inch N80 BTC 68PPF; Limit,Hiring of Third-Party Inspection Agency - Oil and Gas; API Casings 13 3/8 inch N80 BTC 68PPF; Limited shortlisted Vendor/ Service Provider,1,1,2,0,False,False,2026-05-02T15:31:24Z,2026-05-12T16:00:00Z,Ministry of Petroleum and Natural Gas,OIL INDIA Limited,oil.dul.prj.buy1,services_home_hi85174702
9281166,GEM/2026/B/7496621,,Bid,OTR Tyres (V2),OTR Tyres (V2),4,1,2,0,False,False,2026-05-02T15:24:32Z,2026-05-12T16:00:00Z,,Agriculture and Co-operation Department Gujarat,buyer23.nau.bharuch,home_ve66014551_tran_tire_otrt
9281148,GEM/2026/B/7496604,,Bid,Camera for CCTV System (V3),Camera for CCTV System (V3),40,1,2,0,False,False,2026-05-02T15:19:50Z,2026-05-12T16:00:00Z,,Prisons Administration and Reforms Department Uttar Pradesh,jailaligrah@123,home_lawe_secu_surv_ca82087436
9281139,GEM/2026/B/7496595,,Bid,"Solar Power Plant (Roof Top) for ONGRID System, Single Phase","Solar Power Plant (Roof Top) for ONGRID System, Single Phase",1,1,2,0,False,False,2026-05-02T14:55:54Z,2026-05-12T16:00:00Z,,Rural Development Department,Gramsevak.Langarpeth,home_powe_po73836584_powe_so51063880
9280508,GEM/2026/B/7496016,,Bid,"Facility Management Service- Manpower based (Version 2) - Commercial; Housekeeping; Unskilled,Facil","Facility Management Service- Manpower based (Version 2) - Commercial; Housekeeping; Unskilled,Facility Management Service- Manpower based (Version 2) - Commercial; Housekeeping; Unskilled,Facility Management Service- Manpower based (Version 2) - Commercial; Housekeeping; Unskilled",55,3,2,0,False,False,2026-05-02T15:19:15Z,2026-05-12T16:00:00Z,Ministry of Finance,Department of Financial Services,BuyCon_DM_RBO5Knr,services_home_fa85086605_fa85714406
9280834,GEM/2026/B/7496312,,Bid,Inverter (V2),Inverter (V2),2,1,2,0,False,False,2026-05-02T15:52:55Z,2026-05-12T16:00:00Z,Ministry of Home Affairs,Central Armed Police Forces,DCQM1NDRF,home_el47672617_pass_disc_in78157278
9265716,GEM/2026/B/7482665,,Bid,Milk Supply Services,Milk Supply Services,1700000,1,2,0,True,False,2026-04-29T15:28:58Z,2026-05-12T16:00:00Z,Ministry of Fisheries Animal Husbandry Dairying,Department of Animal Husbandry and Dairying,jitendra79,services_home_milk
9279419,GEM/2026/B/7495070,,Bid,Octagonal Pole (V2),Octagonal Pole (V2),41,1,2,0,False,False,2026-05-02T09:13:47Z,2026-05-12T16:00:00Z,,Urban Development Department Uttar Pradesh,pao@ganjmuradbad,home_el05420327_ligh_port_oc40878326
9280834,GEM/2026/B/7496312,,Bid,Inverter (V2),Inverter (V2),2,1,2,0,False,False,2026-05-02T15:52:55Z,2026-05-12T16:00:00Z,Ministry of Home Affairs,Central Armed Police Forces,DCQM1NDRF,home_el47672617_pass_disc_in78157278
9251167,GEM/2026/B/7469692,,Bid,Safes (V3) ISI Marked to IS 550,Safes (V3) ISI Marked to IS 550,1,1,2,0,False,False,2026-04-23T15:26:49Z,2026-05-12T16:00:00Z,Ministry of Finance,Department of Financial Services,SBIRO62304.BUY_CON1,home_lawe_secu_lock_safe
9238732,GEM/2026/B/7458424,,Bid,REAGENT FOR BIOCHEMISTRY DEPTT. FOR AU5800 (2026-27) .,REAGENT FOR BIOCHEMISTRY DEPTT. FOR AU5800 (2026-27) .,3,1,2,1,False,False,2026-04-21T18:50:31Z,2026-05-12T16:00:00Z,Ministry of Steel,Steel Authority of India Limited,buyer22.rsp.or,home_univ_univ_univ_univ
9267443,GEM/2026/B/7484235,,Bid,"Toner Cartridges / Ink Cartridges / Consumables for Printers,Toner Cartridges / Ink Cartridges / Co","Toner Cartridges / Ink Cartridges / Consumables for Printers,Toner Cartridges / Ink Cartridges / Consumables for Printers,Toner Cartridges / Ink Cartridges / Consumables for Printers",71,3,2,0,False,False,2026-04-28T15:56:54Z,2026-05-12T16:00:00Z,Ministry of Civil Aviation,Airports Authority of India (AAI),DGMCNSVEJH,home_offi_offi_prin_tone
9265716,GEM/2026/B/7482665,,Bid,Milk Supply Services,Milk Supply Services,1700000,1,2,0,True,False,2026-04-29T15:28:58Z,2026-05-12T16:00:00Z,Ministry of Fisheries Animal Husbandry Dairying,Department of Animal Husbandry and Dairying,jitendra79,services_home_milk
9263962,GEM/2026/B/7481112,,Bid,"MEDALAS GOLD SILVER BRONZE,TROPHY SET OF 4","MEDALAS GOLD SILVER BRONZE,TROPHY SET OF 4",110,2,2,1,False,False,2026-04-29T15:48:26Z,2026-05-12T16:00:00Z,Ministry of Defence,Department of Military Affairs,DLOGOB_SVJ,home_univ_univ_univ_univ
9266285,GEM/2026/B/7483188,,Bid,"Monthly Basis Cab & Taxi Hiring Services - Sedan; 2000 km x 320 hours; Local 24*7,Monthly Basis Cab","Monthly Basis Cab & Taxi Hiring Services - Sedan; 2000 km x 320 hours; Local 24*7,Monthly Basis Cab & Taxi Hiring Services - SUV; 2500 km x 320 hours; Local 24*7",2,2,2,0,False,False,2026-04-28T15:36:58Z,2026-05-12T16:00:00Z,Ministry of Finance,Department of Revenue,ackkddiv-gstvskp@gov.in,services_home_ve54336454_mont
9246832,GEM/2026/B/7465753,,Bid,"Hot chocolate brownie,vada paw,Waffer,Roasted Mix Fruits,Cookies,Water Bottle,Tea,photographs","Hot chocolate brownie,vada paw,Waffer,Roasted Mix Fruits,Cookies,Water Bottle,Tea,photographs",373,8,2,0,False,True,2026-04-22T15:10:06Z,2026-05-12T16:00:00Z,Ministry of Defence,Department of Military Affairs,funds@nbc,home_boq_boql_boql_boq
9260259,GEM/2026/B/7477926,,Bid,"Manpower Outsourcing Services - Minimum wage - Unskilled; Not Required; Others,Manpower Outsourcing","Manpower Outsourcing Services - Minimum wage - Unskilled; Not Required; Others,Manpower Outsourcing Services - Minimum wage - Unskilled; High School; Admin,Manpower Outsourcing Services - Minimum wage - Skilled; Graduate; Admin,Manpower Outsourcing Services - Minimum wage - Skilled; Secondary School; Others,Manpower Outsourcing Services - Minimum wage - Highly-Skilled; Graduate; Admin",13,5,2,0,False,False,2026-04-26T13:13:29Z,2026-05-12T16:00:00Z,,Rural Development Department Uttar Pradesh,saurabh.47249@gov.in,services_home_manp_manp
9263241,GEM/2026/B/7480454,,Bid,"Stable Bleaching Powder,Lime Power,Malathion Dusting Powder,Deltamethrin ULV King Fog,Emulsifiable ","Stable Bleaching Powder,Lime Power,Malathion Dusting Powder,Deltamethrin ULV King Fog,Emulsifiable Larvicidal Oil, Pyrethrum Based Conformin Antilorwa",27730,5,2,0,False,True,2026-04-27T15:39:39Z,2026-05-12T16:00:00Z,,Urban Development Department Uttar Pradesh,ekhlakahmad,home_boq_boql_boql_boq
9310695,GEM/2026/R/665787,GEM/2026/B/7470871,RA,Event or Seminar or Workshop or Exhibition or Expo Management Service - National; SAMUHIK VIVAH KAR,Event or Seminar or Workshop or Exhibition or Expo Management Service - National; SAMUHIK VIVAH KARYAKRAM; SAMUHIK VIVAH KARYAKRAM; OUTDOOR/INDOOR; Full day,1,1,2,0,False,False,2026-05-11T15:00:00Z,2026-05-12T15:27:09Z,,Labour Department Uttar Pradesh,buyconkpr1,services_home_ev80610203_even
9308306,GEM/2026/R/665558,GEM/2026/B/7404454,RA,Air Cooled Furnace Transformer,Air Cooled Furnace Transformer,6,1,2,1,False,False,2026-05-10T12:00:00Z,2026-05-12T15:18:41Z,PMO,Department of Atomic Energy,purmtl2@nfc.gov.in,home_univ_univ_univ_univ
9240932,GEM/2026/B/7460348,,Bid,"Toner Cartridges / Ink Cartridges / Consumables for Printers,Toner Cartridges / Ink Cartridges / Co","Toner Cartridges / Ink Cartridges / Consumables for Printers,Toner Cartridges / Ink Cartridges / Consumables for Printers",175,2,2,0,False,False,2026-04-21T14:47:49Z,2026-05-12T15:00:00Z,Ministry of Defence,Department of Defence Production,EFAGS3,home_offi_offi_prin_tone
9240844,GEM/2026/B/7460278,,Bid,Monthly Basis Cab & Taxi Hiring Services - SUV; 2000 km x 320 hours; Outstation 24*7,Monthly Basis Cab & Taxi Hiring Services - SUV; 2000 km x 320 hours; Outstation 24*7,1,1,2,0,False,False,2026-04-21T11:51:01Z,2026-05-12T15:00:00Z,Ministry of Railways,Indian Railways,sden4ald,services_home_ve54336454_mont
9281101,GEM/2026/B/7496558,,Bid,Camera for CCTV System (V3),Camera for CCTV System (V3),40,1,2,0,False,False,2026-05-02T14:54:51Z,2026-05-12T15:00:00Z,,Prisons Administration and Reforms Department Uttar Pradesh,JAILSJNPR@242001,home_lawe_secu_surv_ca82087436
9281069,GEM/2026/B/7496528,,Bid,"Bandage Triangular,Ultrasound jelly bottle of 250 ml.,Fluconazole 0 point 3 percent w v bott of 5 m","Bandage Triangular,Ultrasound jelly bottle of 250 ml.,Fluconazole 0 point 3 percent w v bott of 5 ml,Glucose saline isotonic solution self collapsible container dextrose 5 percent with 0 point 9 percent Sod chloride 500ml capacity,Baseball Finger Splint",2008,5,2,0,False,True,2026-05-02T14:36:59Z,2026-05-12T15:00:00Z,Ministry of Defence,Department of Military Affairs,OICDGLPCELL,home_boq_boql_boql_boq
9281036,GEM/2026/B/7496499,,Bid,"FLUTICASONE FUROATE 27 POINT 5 MCG NASAL SPRAY,PHENOBARBITONE 30 MG TAB,PROMETHAZINE PHENARGAN 25 M","FLUTICASONE FUROATE 27 POINT 5 MCG NASAL SPRAY,PHENOBARBITONE 30 MG TAB,PROMETHAZINE PHENARGAN 25 MG TAB,TRETINOIN 0 POINT 05 PERCENT OINT tube of 30 gm,XYLOMETAZOLINE 10 ML NASAL DROP",4967,5,2,0,False,True,2026-05-02T14:42:06Z,2026-05-12T15:00:00Z,Ministry of Defence,Department of Military Affairs,OICDGLPCELL,home_boq_boql_boql_boq
9281018,GEM/2026/B/7496484,,Bid,Facility Management Services - LumpSum Based - Sawarbahnd; Supply of ERIKSHWA Goods Carrier for no ,Facility Management Services - LumpSum Based - Sawarbahnd; Supply of ERIKSHWA Goods Carrier for no of qty 1; Consumables to be provided by service provider (inclusive in contract cost),1,1,2,0,False,False,2026-05-02T14:24:47Z,2026-05-12T15:00:00Z,,Department of Panchayati Raj,PR-SAWARBHAND-FFC-V-MGR1,services_home_fa85086605_fa43870134
9281016,GEM/2026/B/7496482,,Bid,Drinking Water Coolers (V4) ISI Marked To IS 1475,Drinking Water Coolers (V4) ISI Marked To IS 1475,1,1,2,0,False,False,2026-05-02T14:29:41Z,2026-05-12T15:00:00Z,,Urban Development Department Uttar Pradesh,buyerramganj,home_dist_heat_cool_dr07113352
9280905,GEM/2026/B/7496380,,Bid,"BOX DENTURE,INH SALBUTAMOL 100 MCG PLUS IPRATROPIUM 40 MCG,PARAFFIN SOFT YELLOW PARASOFT JAR OF 1KG","BOX DENTURE,INH SALBUTAMOL 100 MCG PLUS IPRATROPIUM 40 MCG,PARAFFIN SOFT YELLOW PARASOFT JAR OF 1KG,SYP METRONIDAZOLE 60 ML,Test Tube Brush",370,5,2,0,False,True,2026-05-02T14:20:30Z,2026-05-12T15:00:00Z,Ministry of Defence,Department of Military Affairs,OICDGLPCELL,home_boq_boql_boql_boq
9280902,GEM/2026/B/7496377,,Bid,"CLUTCH PLATE ASSY,AIR PREESURE PIPE,BUSH SET 12V,SELF SOLONIOD 12V,REAR HUB OIL SEAL,GEAR BOX TAPPE","CLUTCH PLATE ASSY,AIR PREESURE PIPE,BUSH SET 12V,SELF SOLONIOD 12V,REAR HUB OIL SEAL,GEAR BOX TAPPER BRG,OIL SEAL,CLUTCH RELEASE BRG",18,8,2,0,False,True,2026-05-02T14:20:32Z,2026-05-12T15:00:00Z,Ministry of Defence,Department of Military Affairs,Sanjay@863,home_boq_boql_boql_boq
9280868,GEM/2026/B/7496343,,Bid,"Cement Bag,Sand,Green Paint,Blue Paint,White Paint,Thinner,Black Paint,Memento 18 into 15 inch,Glas","Cement Bag,Sand,Green Paint,Blue Paint,White Paint,Thinner,Black Paint,Memento 18 into 15 inch,Glass Table Top,Connector,TV Panel,PVC Panel,Memento 9 into 12,Memento 6 into 7 inch,Frame 14 into 14 inch,Frame 12 into 18 inch,Frame 18 into 20 inch,PVC Panel both side,Retro Board with Steel frame 8 into 4 inch,Inauguration Plate",599,20,2,0,False,True,2026-05-02T14:04:38Z,2026-05-12T15:00:00Z,Ministry of Defence,Department of Military Affairs,sangamcoordoffr,home_boq_boql_boql_boq
9280861,GEM/2026/B/7496337,,Bid,DLD NNK00041 TC MACHINE,DLD NNK00041 TC MACHINE,1,1,2,1,False,False,2026-05-02T14:07:11Z,2026-05-12T15:00:00Z,Ministry of Defence,Department of Military Affairs,LPO312@33ADOU,home_univ_univ_univ_univ
9236852,GEM/2026/B/7456727,,Bid,"Xerox paper A-4,Gum tube,Spiral Writing pad,REGISTER 6 QR.,Duster cloth,Stapler pin small,Highlight","Xerox paper A-4,Gum tube,Spiral Writing pad,REGISTER 6 QR.,Duster cloth,Stapler pin small,Highlighter pen 5 colour,Ball pen,File Cover,Marker permanent,Sticky PAD,PAPER CUTTER,Stapler pin Big,Box File,Correction fluid,Binder clip,Stapler small,Stapler medium,cello tape,Pencil,Punch double big",4500,21,2,0,False,True,2026-04-21T12:11:42Z,2026-05-12T15:00:00Z,Ministry of Power,NA,Proc@Dulhasti,home_boq_boql_boql_boq
9242298,GEM/2026/B/7461592,,Bid,"anti rodent 1,anti rodent 2,anti rodent 3,anti rodent 4,anti rodent 5","anti rodent 1,anti rodent 2,anti rodent 3,anti rodent 4,anti rodent 5",3616,5,2,0,False,True,2026-04-21T14:58:12Z,2026-05-12T15:00:00Z,Ministry of Health and Family Welfare,Department of Health and Family Welfare,DHNEW2,home_boq_boql_boql_boq
9278857,GEM/2026/B/7494580,,Bid,High Mast Lighting Tower for large area with LED Flood Lighting System,High Mast Lighting Tower for large area with LED Flood Lighting System,2,1,2,0,False,False,2026-05-02T14:40:41Z,2026-05-12T15:00:00Z,,Revenue and Forest Department Maharashtra,rfo_maregaon,home_el63626345_ligh_exte_hi10587672
9278839,GEM/2026/B/7494566,,Bid,High Mast Lighting Tower for large area with LED Flood Lighting System,High Mast Lighting Tower for large area with LED Flood Lighting System,2,1,2,0,False,False,2026-05-02T14:37:41Z,2026-05-12T15:00:00Z,,Revenue and Forest Department Maharashtra,rfo_maregaon,home_el63626345_ligh_exte_hi10587672
9278811,GEM/2026/B/7494540,,Bid,High Mast Lighting Tower for large area with LED Flood Lighting System,High Mast Lighting Tower for large area with LED Flood Lighting System,2,1,2,0,False,False,2026-05-02T14:36:20Z,2026-05-12T15:00:00Z,,Revenue and Forest Department Maharashtra,rfo_maregaon,home_el63626345_ligh_exte_hi10587672
9278788,GEM/2026/B/7494517,,Bid,High Mast Lighting Tower for large area with LED Flood Lighting System,High Mast Lighting Tower for large area with LED Flood Lighting System,2,1,2,0,False,False,2026-05-02T14:33:46Z,2026-05-12T15:00:00Z,,Revenue and Forest Department Maharashtra,rfo_maregaon,home_el63626345_ligh_exte_hi10587672
9281036,GEM/2026/B/7496499,,Bid,"FLUTICASONE FUROATE 27 POINT 5 MCG NASAL SPRAY,PHENOBARBITONE 30 MG TAB,PROMETHAZINE PHENARGAN 25 M","FLUTICASONE FUROATE 27 POINT 5 MCG NASAL SPRAY,PHENOBARBITONE 30 MG TAB,PROMETHAZINE PHENARGAN 25 MG TAB,TRETINOIN 0 POINT 05 PERCENT OINT tube of 30 gm,XYLOMETAZOLINE 10 ML NASAL DROP",4967,5,2,0,False,True,2026-05-02T14:42:06Z,2026-05-12T15:00:00Z,Ministry of Defence,Department of Military Affairs,OICDGLPCELL,home_boq_boql_boql_boq
9281018,GEM/2026/B/7496484,,Bid,Facility Management Services - LumpSum Based - Sawarbahnd; Supply of ERIKSHWA Goods Carrier for no ,Facility Management Services - LumpSum Based - Sawarbahnd; Supply of ERIKSHWA Goods Carrier for no of qty 1; Consumables to be provided by service provider (inclusive in contract cost),1,1,2,0,False,False,2026-05-02T14:24:47Z,2026-05-12T15:00:00Z,,Department of Panchayati Raj,PR-SAWARBHAND-FFC-V-MGR1,services_home_fa85086605_fa43870134
9281016,GEM/2026/B/7496482,,Bid,Drinking Water Coolers (V4) ISI Marked To IS 1475,Drinking Water Coolers (V4) ISI Marked To IS 1475,1,1,2,0,False,False,2026-05-02T14:29:41Z,2026-05-12T15:00:00Z,,Urban Development Department Uttar Pradesh,buyerramganj,home_dist_heat_cool_dr07113352
9280905,GEM/2026/B/7496380,,Bid,"BOX DENTURE,INH SALBUTAMOL 100 MCG PLUS IPRATROPIUM 40 MCG,PARAFFIN SOFT YELLOW PARASOFT JAR OF 1KG","BOX DENTURE,INH SALBUTAMOL 100 MCG PLUS IPRATROPIUM 40 MCG,PARAFFIN SOFT YELLOW PARASOFT JAR OF 1KG,SYP METRONIDAZOLE 60 ML,Test Tube Brush",370,5,2,0,False,True,2026-05-02T14:20:30Z,2026-05-12T15:00:00Z,Ministry of Defence,Department of Military Affairs,OICDGLPCELL,home_boq_boql_boql_boq
9280902,GEM/2026/B/7496377,,Bid,"CLUTCH PLATE ASSY,AIR PREESURE PIPE,BUSH SET 12V,SELF SOLONIOD 12V,REAR HUB OIL SEAL,GEAR BOX TAPPE","CLUTCH PLATE ASSY,AIR PREESURE PIPE,BUSH SET 12V,SELF SOLONIOD 12V,REAR HUB OIL SEAL,GEAR BOX TAPPER BRG,OIL SEAL,CLUTCH RELEASE BRG",18,8,2,0,False,True,2026-05-02T14:20:32Z,2026-05-12T15:00:00Z,Ministry of Defence,Department of Military Affairs,Sanjay@863,home_boq_boql_boql_boq
9280868,GEM/2026/B/7496343,,Bid,"Cement Bag,Sand,Green Paint,Blue Paint,White Paint,Thinner,Black Paint,Memento 18 into 15 inch,Glas","Cement Bag,Sand,Green Paint,Blue Paint,White Paint,Thinner,Black Paint,Memento 18 into 15 inch,Glass Table Top,Connector,TV Panel,PVC Panel,Memento 9 into 12,Memento 6 into 7 inch,Frame 14 into 14 inch,Frame 12 into 18 inch,Frame 18 into 20 inch,PVC Panel both side,Retro Board with Steel frame 8 into 4 inch,Inauguration Plate",599,20,2,0,False,True,2026-05-02T14:04:38Z,2026-05-12T15:00:00Z,Ministry of Defence,Department of Military Affairs,sangamcoordoffr,home_boq_boql_boql_boq
9280861,GEM/2026/B/7496337,,Bid,DLD NNK00041 TC MACHINE,DLD NNK00041 TC MACHINE,1,1,2,1,False,False,2026-05-02T14:07:11Z,2026-05-12T15:00:00Z,Ministry of Defence,Department of Military Affairs,LPO312@33ADOU,home_univ_univ_univ_univ
9280685,GEM/2026/B/7496173,,Bid,Diesel Power Generator (up to 900 KVA),Diesel Power Generator (up to 900 KVA),1,1,2,0,False,False,2026-05-02T14:16:37Z,2026-05-12T15:00:00Z,,Public Health Engineering (PHE) Irrigation and Flood Control Department Jammu and Kashmir,Tomech@kathua,home_powe_batt_powe_po74542428
9262884,GEM/2026/B/7480136,,Bid,"Cutting blade 4 inch,Cutting blade 5 inch,Cutting blade 12 inch,Welding rod box,Welding rod armoid,","Cutting blade 4 inch,Cutting blade 5 inch,Cutting blade 12 inch,Welding rod box,Welding rod armoid,Anabond paste,White soldering paste,Desoldering wick,Emery paper,Feviquick,Cable 25mm welding,Grinding wheel,Face shield glass,Drill bit set,Flexible wire 20mm,Wire 2 core 10mm",956,16,2,0,False,True,2026-04-27T14:53:39Z,2026-05-12T15:00:00Z,Ministry of Defence,Department of Military Affairs,mohitdhawan.335,home_boq_boql_boql_boq
9262663,GEM/2026/B/7479946,,Bid,"Elect Gun,Spnr Set Stnly 23 pcs Open and Ring,Spnr Set Stnly Open and Ratchet,Screw driver set hard","Elect Gun,Spnr Set Stnly 23 pcs Open and Ring,Spnr Set Stnly Open and Ratchet,Screw driver set hard top,Small size socket set STNLT,Nose plier small size 6 inch,Trolly creeper,Working trolly floor,Pipe wrench,Adjustable",23,10,2,0,False,True,2026-04-27T15:07:26Z,2026-05-12T15:00:00Z,Ministry of Defence,Department of Military Affairs,mohitdhawan.335,home_boq_boql_boql_boq
9280902,GEM/2026/B/7496377,,Bid,"CLUTCH PLATE ASSY,AIR PREESURE PIPE,BUSH SET 12V,SELF SOLONIOD 12V,REAR HUB OIL SEAL,GEAR BOX TAPPE","CLUTCH PLATE ASSY,AIR PREESURE PIPE,BUSH SET 12V,SELF SOLONIOD 12V,REAR HUB OIL SEAL,GEAR BOX TAPPER BRG,OIL SEAL,CLUTCH RELEASE BRG",18,8,2,0,False,True,2026-05-02T14:20:32Z,2026-05-12T15:00:00Z,Ministry of Defence,Department of Military Affairs,Sanjay@863,home_boq_boql_boql_boq
9280868,GEM/2026/B/7496343,,Bid,"Cement Bag,Sand,Green Paint,Blue Paint,White Paint,Thinner,Black Paint,Memento 18 into 15 inch,Glas","Cement Bag,Sand,Green Paint,Blue Paint,White Paint,Thinner,Black Paint,Memento 18 into 15 inch,Glass Table Top,Connector,TV Panel,PVC Panel,Memento 9 into 12,Memento 6 into 7 inch,Frame 14 into 14 inch,Frame 12 into 18 inch,Frame 18 into 20 inch,PVC Panel both side,Retro Board with Steel frame 8 into 4 inch,Inauguration Plate",599,20,2,0,False,True,2026-05-02T14:04:38Z,2026-05-12T15:00:00Z,Ministry of Defence,Department of Military Affairs,sangamcoordoffr,home_boq_boql_boql_boq
9280861,GEM/2026/B/7496337,,Bid,DLD NNK00041 TC MACHINE,DLD NNK00041 TC MACHINE,1,1,2,1,False,False,2026-05-02T14:07:11Z,2026-05-12T15:00:00Z,Ministry of Defence,Department of Military Affairs,LPO312@33ADOU,home_univ_univ_univ_univ
9280685,GEM/2026/B/7496173,,Bid,Diesel Power Generator (up to 900 KVA),Diesel Power Generator (up to 900 KVA),1,1,2,0,False,False,2026-05-02T14:16:37Z,2026-05-12T15:00:00Z,,Public Health Engineering (PHE) Irrigation and Flood Control Department Jammu and Kashmir,Tomech@kathua,home_powe_batt_powe_po74542428
9309489,GEM/2026/B/7522150,,Bid,Short Term Cab & Taxi Hiring Services - Premium SUV; Outstation 24*7; 250Kms x 8Hrs,Short Term Cab & Taxi Hiring Services - Premium SUV; Outstation 24*7; 250Kms x 8Hrs,2,1,2,0,False,False,2026-05-09T14:53:23Z,2026-05-12T15:00:00Z,Ministry of Finance,Department of Revenue,ramuvja@1969,services_home_ve54336454_shor
9310697,GEM/2026/R/665788,GEM/2026/B/7415854,RA,Lighting Pole or Post and Hardware - Tubular Street Light Poles (V2),Lighting Pole or Post and Hardware - Tubular Street Light Poles (V2),972,1,2,0,False,False,2026-05-11T15:00:00Z,2026-05-12T15:00:00Z,,Urban Development Department Uttar Pradesh,Pkggem@ulb,home_elec_ligh_indu_li54074327
9310668,GEM/2026/R/665786,GEM/2026/B/7436499,RA,Washing Machine Fully Automatic,Washing Machine Fully Automatic,7,1,2,1,False,False,2026-05-11T15:00:00Z,2026-05-12T15:00:00Z,Ministry of Defence,Department of Military Affairs,yuvtha.24785@gov.in,home_univ_univ_univ_univ
9240932,GEM/2026/B/7460348,,Bid,"Toner Cartridges / Ink Cartridges / Consumables for Printers,Toner Cartridges / Ink Cartridges / Co","Toner Cartridges / Ink Cartridges / Consumables for Printers,Toner Cartridges / Ink Cartridges / Consumables for Printers",175,2,2,0,False,False,2026-04-21T14:47:49Z,2026-05-12T15:00:00Z,Ministry of Defence,Department of Defence Production,EFAGS3,home_offi_offi_prin_tone
9240844,GEM/2026/B/7460278,,Bid,Monthly Basis Cab & Taxi Hiring Services - SUV; 2000 km x 320 hours; Outstation 24*7,Monthly Basis Cab & Taxi Hiring Services - SUV; 2000 km x 320 hours; Outstation 24*7,1,1,2,0,False,False,2026-04-21T11:51:01Z,2026-05-12T15:00:00Z,Ministry of Railways,Indian Railways,sden4ald,services_home_ve54336454_mont
9236852,GEM/2026/B/7456727,,Bid,"Xerox paper A-4,Gum tube,Spiral Writing pad,REGISTER 6 QR.,Duster cloth,Stapler pin small,Highlight","Xerox paper A-4,Gum tube,Spiral Writing pad,REGISTER 6 QR.,Duster cloth,Stapler pin small,Highlighter pen 5 colour,Ball pen,File Cover,Marker permanent,Sticky PAD,PAPER CUTTER,Stapler pin Big,Box File,Correction fluid,Binder clip,Stapler small,Stapler medium,cello tape,Pencil,Punch double big",4500,21,2,0,False,True,2026-04-21T12:11:42Z,2026-05-12T15:00:00Z,Ministry of Power,NA,Proc@Dulhasti,home_boq_boql_boql_boq
9242298,GEM/2026/B/7461592,,Bid,"anti rodent 1,anti rodent 2,anti rodent 3,anti rodent 4,anti rodent 5","anti rodent 1,anti rodent 2,anti rodent 3,anti rodent 4,anti rodent 5",3616,5,2,0,False,True,2026-04-21T14:58:12Z,2026-05-12T15:00:00Z,Ministry of Health and Family Welfare,Department of Health and Family Welfare,DHNEW2,home_boq_boql_boql_boq
9061816,GEM/2026/R/634441,GEM/2026/B/7236228,RA,"Repair, Maintenance, and Installation of Plant/ Systems/Equipments (Version 2) - Residential; Misce","Repair, Maintenance, and Installation of Plant/ Systems/Equipments (Version 2) - Residential; Miscellaneous Civil & Plumbing Work in Boys hostel; Service Provider",1,1,2,0,False,False,2026-03-01T15:00:00Z,2026-05-12T15:00:00Z,,Technical Education Department Uttar Pradesh,gpsahb.dte-up,services_home_repa_re22373363
9310564,GEM/2026/R/665779,GEM/2026/B/7204902,RA,Establishment of E-Learning Training Lab,Establishment of E-Learning Training Lab,1,1,2,1,False,False,2026-05-11T13:00:00Z,2026-05-12T14:10:35Z,Ministry of Defence,Department of Military Affairs,oictsg@fvt,home_univ_univ_univ_univ
9310599,GEM/2026/R/665780,GEM/2026/B/7436761,RA,"Structure for 17 Meter Length Conveyor Belt,Belt Bearing dia 45 for 17 Meter,3 HP Motor With Gear b","Structure for 17 Meter Length Conveyor Belt,Belt Bearing dia 45 for 17 Meter,3 HP Motor With Gear box drum roller idler roller dia 50,Insulated Panel insulated Wires 10 meter,Double Scissor Trolley 500kg for loading and unloading material from belt",7,5,2,0,False,True,2026-05-11T14:00:00Z,2026-05-12T14:06:24Z,Ministry of Defence,Department of Military Affairs,Wkspoffr@14CZW,home_boq_boql_boql_boq
9291630,GEM/2026/B/7505944,,Bid,Ordinary Portland Cement (V3) Conforming to IS 269 for Bulk Buying,Ordinary Portland Cement (V3) Conforming to IS 269 for Bulk Buying,300,1,2,0,False,False,2026-05-06T19:04:08Z,2026-05-12T14:00:00Z,Ministry of Heavy Industries and Public Enterprises,Department of Heavy Industry,SHANKARTUDU,home_stru_conc_ceme_or81528101
9270875,GEM/2026/B/7487366,,Bid,Dosing pump,Dosing pump,4,1,2,0,False,False,2026-04-29T13:50:12Z,2026-05-12T14:00:00Z,,Urban Development Department Uttar Pradesh,buycon1.np.unnao@gembuyer.in,home_dist_in40220274_pump_do23206775
9262482,GEM/2026/B/7479787,,Bid,"DIFF BEARING CONE CUO ROLLER,AIR FILTER OUTLET HOSE ASSY,ASSY SUPPORT BRACKET,DRIVE PINION,BELT V R","DIFF BEARING CONE CUO ROLLER,AIR FILTER OUTLET HOSE ASSY,ASSY SUPPORT BRACKET,DRIVE PINION,BELT V RUBBER,RUBBER HOSE,POLE SCREW",23,7,2,0,False,True,2026-04-28T12:16:10Z,2026-05-12T14:00:00Z,Ministry of Defence,Department of Military Affairs,Buyer@52fwc,home_boq_boql_boql_boq
9277438,GEM/2026/B/7493289,,Bid,"Wooden Eucalyptus Balli of length 11 feet and thickness 5 inch,Washer 3 soot,Washer 5 Soot,Washer 4","Wooden Eucalyptus Balli of length 11 feet and thickness 5 inch,Washer 3 soot,Washer 5 Soot,Washer 4 soot,Tractor Hay Rake Spring,Centre Plate for reaper with 5 hole",85,6,2,0,False,True,2026-05-02T13:50:17Z,2026-05-12T14:00:00Z,Ministry of Defence,Department of Military Affairs,gemidankitpathak,home_boq_boql_boql_boq
9278635,GEM/2026/B/7494372,,Bid,High Mast Lighting Tower for large area with LED Flood Lighting System,High Mast Lighting Tower for large area with LED Flood Lighting System,2,1,2,0,False,False,2026-05-02T13:31:46Z,2026-05-12T14:00:00Z,,Revenue and Forest Department Maharashtra,rfo_maregaon,home_el63626345_ligh_exte_hi10587672
9278602,GEM/2026/B/7494341,,Bid,High Mast Lighting Tower for large area with LED Flood Lighting System,High Mast Lighting Tower for large area with LED Flood Lighting System,2,1,2,0,False,False,2026-05-02T13:26:51Z,2026-05-12T14:00:00Z,,Revenue and Forest Department Maharashtra,rfo_maregaon,home_el63626345_ligh_exte_hi10587672
9280549,GEM/2026/B/7496052,,Bid,Repair and Overhauling Service - cars; Mahindra & Mahindra; Yes; Service Provider Premises,Repair and Overhauling Service - cars; Mahindra & Mahindra; Yes; Service Provider Premises,1,1,2,0,False,False,2026-05-02T14:02:18Z,2026-05-12T14:00:00Z,Ministry of Defence,Department of Military Affairs,QM6255ARMDWKSP,services_home_gene
9280851,GEM/2026/B/7496328,,Bid,Calcium carbonate (Fine),Calcium carbonate (Fine),300,1,2,0,False,False,2026-05-02T13:59:13Z,2026-05-12T14:00:00Z,,Youth Services and Sports and Technical Education Department Jammu and Kashmir,dyssoshopian,home_chem_comp_inor_ca44342228
9280849,GEM/2026/B/7496326,,Bid,"BECLOMETHASONE DIPROPIONATE 50 MCG PER DOSE METERED DOSE AEROSOL 200 DOSE UNIT BECLATE,BETAMETHASON","BECLOMETHASONE DIPROPIONATE 50 MCG PER DOSE METERED DOSE AEROSOL 200 DOSE UNIT BECLATE,BETAMETHASONE 0 POINT 1 PERCENT PLUS NEOMYCIN 0 PONT 5 PERCENT OINT tube of 20 gm,Atropine 1 percent w v 5 pont 0 ml in 1 BOTT,EYE OINT HYPROMELLOSE 2 percent HYDROXYPROPYL METHYL CELLULOSE 2 PERCENT OCULAR LUBE TUBE OF 10 GM,IV CANULA WITH PORT SIZE 22 G",2006,5,2,0,False,True,2026-05-02T13:42:27Z,2026-05-12T14:00:00Z,Ministry of Defence,Department of Military Affairs,OICDGLPCELL,home_boq_boql_boql_boq
9279399,GEM/2026/B/7495052,,Bid,LED Luminaire For Road And Street Lights Conforming To IS 10322 (Part 5/Section 3) (V3) (Under BIS ,"LED Luminaire For Road And Street Lights Conforming To IS 10322 (Part 5/Section 3) (V3) (Under BIS Scheme - II),LED Luminaire For Road And Street Lights Conforming To IS 10322 (Part 5/Section 3) (V3) (Under BIS Scheme - II)",265,2,2,0,False,False,2026-05-01T22:30:47Z,2026-05-12T14:00:00Z,,Urban Development Department Uttar Pradesh,Sksgem@123,home_el05420327_ligh_exte_le13704051
9280797,GEM/2026/B/7496276,,Bid,"AMOROLFINE 5 PER NAILLACQUER,DULOXETINE 10 MG CAP,ED LOTEPREDNOL 0 POINT 5 PERCENT PLUS MOXIFLOX 0 ","AMOROLFINE 5 PER NAILLACQUER,DULOXETINE 10 MG CAP,ED LOTEPREDNOL 0 POINT 5 PERCENT PLUS MOXIFLOX 0 POINT 5 PERCENT bott of 5 ml,ED Pilocarpine 2 percent w v bott of 5 ml,Fluocinolone acetonide 0 point 01 percent w v bott of 125 ml",1018,5,2,0,False,True,2026-05-02T13:29:05Z,2026-05-12T14:00:00Z,Ministry of Defence,Department of Military Affairs,OICDGLPCELL,home_boq_boql_boql_boq
9280791,GEM/2026/B/7496270,,Bid,A3 Size Multifunction Printer (MFP),A3 Size Multifunction Printer (MFP),1,1,2,0,False,False,2026-05-02T13:55:50Z,2026-05-12T14:00:00Z,Ministry of Finance,Department of Financial Services,drt3buyer@gem,home_offi_offi_dupl_a3si
9280758,GEM/2026/B/7496240,,Bid,"Fevicol,Envelop FS Document,Lamination Roll,Photo Paper,Reynold Pen,Register,Talk Sheet,Calculator,","Fevicol,Envelop FS Document,Lamination Roll,Photo Paper,Reynold Pen,Register,Talk Sheet,Calculator,White Bd Marker",268,9,2,0,False,True,2026-05-02T13:24:58Z,2026-05-12T14:00:00Z,Ministry of Defence,Department of Military Affairs,ADJT6254,home_boq_boql_boql_boq
9280740,GEM/2026/B/7496224,,Bid,Facility Management Services - LumpSum Based - Parastola; Supply of 2 ton Water chiller machine 450,Facility Management Services - LumpSum Based - Parastola; Supply of 2 ton Water chiller machine 450 LPH for no of qty 1; Consumables to be provided by service provider (inclusive in contract cost),1,1,2,0,False,False,2026-05-02T13:24:11Z,2026-05-12T14:00:00Z,,Department of Panchayati Raj,PR-PARASTOLA-FFC-V1-MGR,services_home_fa85086605_fa43870134
9280736,GEM/2026/B/7496220,,Bid,Medals (V3),Medals (V3),2600,1,2,0,False,False,2026-05-02T13:56:06Z,2026-05-12T14:00:00Z,Ministry of Defence,Department of Military Affairs,teomeg_gem,home_spor_coll_awar_me34702021
9280717,GEM/2026/B/7496203,,Bid,"Bone Tac Kit,Auto Bone Tac Gun,5 Pins 3.5 mm Titanium,5 Pins 4.5 mm Titanium,Offset Driver,Pointer ","Bone Tac Kit,Auto Bone Tac Gun,5 Pins 3.5 mm Titanium,5 Pins 4.5 mm Titanium,Offset Driver,Pointer Tool,Remover,Autoclaving Box",8,8,2,0,False,True,2026-05-02T13:17:47Z,2026-05-12T14:00:00Z,Ministry of Defence,Department of Military Affairs,SHAKILNAGORI,home_boq_boql_boql_boq
9280717,GEM/2026/B/7496203,,Bid,"Bone Tac Kit,Auto Bone Tac Gun,5 Pins 3.5 mm Titanium,5 Pins 4.5 mm Titanium,Offset Driver,Pointer ","Bone Tac Kit,Auto Bone Tac Gun,5 Pins 3.5 mm Titanium,5 Pins 4.5 mm Titanium,Offset Driver,Pointer Tool,Remover,Autoclaving Box",8,8,2,0,False,True,2026-05-02T13:17:47Z,2026-05-12T14:00:00Z,Ministry of Defence,Department of Military Affairs,SHAKILNAGORI,home_boq_boql_boql_boq
9280694,GEM/2026/B/7496180,,Bid,"A4 Size Paper,Legal Size Paper,A4 Size Envelop,File Cover,Cello Tape,Clip Board,Color Flag,Drawing ","A4 Size Paper,Legal Size Paper,A4 Size Envelop,File Cover,Cello Tape,Clip Board,Color Flag,Drawing Paper,Dak Folder",805,9,2,0,False,True,2026-05-02T13:14:13Z,2026-05-12T14:00:00Z,Ministry of Defence,Department of Military Affairs,ADJT6254,home_boq_boql_boql_boq
9262482,GEM/2026/B/7479787,,Bid,"DIFF BEARING CONE CUO ROLLER,AIR FILTER OUTLET HOSE ASSY,ASSY SUPPORT BRACKET,DRIVE PINION,BELT V R","DIFF BEARING CONE CUO ROLLER,AIR FILTER OUTLET HOSE ASSY,ASSY SUPPORT BRACKET,DRIVE PINION,BELT V RUBBER,RUBBER HOSE,POLE SCREW",23,7,2,0,False,True,2026-04-28T12:16:10Z,2026-05-12T14:00:00Z,Ministry of Defence,Department of Military Affairs,Buyer@52fwc,home_boq_boql_boql_boq
9300179,GEM/2026/R/664777,GEM/2026/B/7495594,RA,"Repair, Maintenance, and Installation of Plant/ Systems/Equipments (Version 2) - 02 x Repair/Servic","Repair, Maintenance, and Installation of Plant/ Systems/Equipments (Version 2) - 02 x Repair/Servicing of Steam Cooking Machine System of 150 Ltr Capacity; 02 x Repair/Servicing of Steam Cooking Machine System of 150 Ltr Capacity; Service Provider",1,1,2,0,False,False,2026-05-08T15:00:00Z,2026-05-12T14:00:00Z,Ministry of Defence,Department of Military Affairs,procoffr_rvccc,services_home_repa_re22373363
9310630,GEM/2026/R/665783,GEM/2026/B/7451385,RA,Repair and Overhauling Service - Load testing of lifting appliance and calibration of tools as per ,Repair and Overhauling Service - Load testing of lifting appliance and calibration of tools as per SOW; Load testing of lifting appliance and calibration of tools as per SOW; No; Buyer Premises,1,1,2,0,False,False,2026-05-11T14:00:00Z,2026-05-12T14:00:00Z,Ministry of Defence,Department of Defence,aksahu.08211@icg.gov.in,services_home_gene
9310610,GEM/2026/R/665781,GEM/2026/B/7441544,RA,"5110-007355,6640-003277,8465-002867,6220-004440,96510-82R02,2610-001524,2610-000318,B-1136701,P-120","5110-007355,6640-003277,8465-002867,6220-004440,96510-82R02,2610-001524,2610-000318,B-1136701,P-1200352,P-1012454,CVD-X4700314,CVD-F1931150,CVD-F-4730300,12741M53B01,15100M830A1,31100M80C00,13401M830A1,18137M830A1,22400M83060,89913M77E10,2530-011978,99000M24120-370,CVD-09824M-99332,2530-018081 B-2592505,443-132-130-026,336-432-027-000,324-191-520-170,264382400101,209342300112,L01402000036,2786-2099-9972,269126250135,000-544-0203J,000-545-0004J,257342130134,2574-5420-9997,2060-4310-0102,2574-5442-0104,2641-5450-0106,278620999973,2641-8110-0112,2752-2540-0105,2786-1599-0113,2867-4210-0175,F002C7Z011 2786-0799-0140,2752-2520-0106,2667-3375-0105,2198-4770-4901,2083-8240-9901,2574-7052-0102,2786-0198-9906,2754-2910-0106,2534-0911-0108,2641-2910-0117,9440-030-028,2786-0399-9907,2786-0913-9910,2752-2540-0110,2780-5450-0102,2632-4370-0188,2573-4370-0153,2078-2910-0120,2659-3010-0126,2610-7250-0116,2610-8240-0104,2786-1813-9902,2530-017910,2786-0911-9903,2618-5454-4603,2786-0999-9951,30166 2,CVD-30166 1,30166 3,2640-0",1402,87,2,0,False,True,2026-05-11T14:00:00Z,2026-05-12T14:00:00Z,Ministry of Defence,Department of Military Affairs,oichq,home_boq_boql_boql_boq
9291630,GEM/2026/B/7505944,,Bid,Ordinary Portland Cement (V3) Conforming to IS 269 for Bulk Buying,Ordinary Portland Cement (V3) Conforming to IS 269 for Bulk Buying,300,1,2,0,False,False,2026-05-06T19:04:08Z,2026-05-12T14:00:00Z,Ministry of Heavy Industries and Public Enterprises,Department of Heavy Industry,SHANKARTUDU,home_stru_conc_ceme_or81528101
9270875,GEM/2026/B/7487366,,Bid,Dosing pump,Dosing pump,4,1,2,0,False,False,2026-04-29T13:50:12Z,2026-05-12T14:00:00Z,,Urban Development Department Uttar Pradesh,buycon1.np.unnao@gembuyer.in,home_dist_in40220274_pump_do23206775
9241693,GEM/2026/B/7461041,,Bid,2+ 1 NOTE SORTING MACHINE,2+ 1 NOTE SORTING MACHINE,1,1,2,1,False,False,2026-04-21T13:11:19Z,2026-05-12T14:00:00Z,Ministry of Finance,Department of Financial Services,SBI63917.CON,home_univ_univ_univ_univ
9241443,GEM/2026/B/7460815,,Bid,"Facial Tissue Papers(V3),Toilet Brush (V3)","Facial Tissue Papers(V3),Toilet Brush (V3)",35,2,2,0,False,False,2026-04-21T13:55:14Z,2026-05-12T14:00:00Z,Ministry of Defence,Department of Military Affairs,gsd@123,"home_pape_pape_pers_faci,home_clea_clea_broo_to05687514"
9237579,GEM/2026/B/7457381,,Bid,"Paper Rim,File Cover,Blue Pen,Red Pen,Black Pen,Marker,Fevicol,Cello Tape,Register Big,Register Sma","Paper Rim,File Cover,Blue Pen,Red Pen,Black Pen,Marker,Fevicol,Cello Tape,Register Big,Register Small,Pencil,Stapler Big,Stapler Small,Stapler Pin Big,Stapler Pin Small,Refilling of Toner,Envelope Big,Envelope Small,Paper Weight,Stamp Pad,Stamp Pad Ink,Paper Flag,File Tag,All Pin,Calculator",523,25,2,0,False,True,2026-04-20T13:59:52Z,2026-05-12T14:00:00Z,Ministry of Culture,NA,buycon37.asia.mp@gembuyer.in,home_boq_boql_boql_boq
9237519,GEM/2026/B/7457329,,Bid,"Paper Rim,Printer Ink Set,File Cover,Blue Pen,Red Pen,Black Pen,Marker,Fevicol,Cello Tape,Register ","Paper Rim,Printer Ink Set,File Cover,Blue Pen,Red Pen,Black Pen,Marker,Fevicol,Cello Tape,Register Big,Register Small,Stock Register,Pencil,Stapler Big,Stapler Small,Stapler Pin Big,Stapler Pin Small,Refilling of Toner,Envelope Big,Envelope Small,Paper Weight,Stamp Pad,Stamp Pad Ink,Paper Flag,File Tag,All Pin,Calculator",530,27,2,0,False,True,2026-04-20T13:45:44Z,2026-05-12T14:00:00Z,Ministry of Culture,NA,buycon37.asia.mp@gembuyer.in,home_boq_boql_boql_boq
9294406,GEM/2026/B/7508444,,Bid,"Handling ,Transport and Other Mining Services - Percentage quote based - Handling & Transport Servi","Handling ,Transport and Other Mining Services - Percentage quote based - Handling & Transport Service, ADHOC HTC for FSD Mahoba",1,1,2,0,False,False,2026-05-06T13:58:04Z,2026-05-12T14:00:00Z,Ministry of Consumer Affairs Food and Public Distribution,Department of Food and Public Distribution,gaurav90.fci,services_home_good_hand
9258386,GEM/2026/B/7476261,,Bid,Herbivore Feed ( for Zoo Animals),Herbivore Feed ( for Zoo Animals),35000,1,2,1,False,False,2026-04-27T13:02:40Z,2026-05-12T14:00:00Z,,Forest Department Chhattisgarh,JS-buyer,home_univ_univ_univ_univ
9255044,GEM/2026/B/7473265,,Bid,Safes (V3) ISI Marked to IS 550,Safes (V3) ISI Marked to IS 550,1,1,2,0,False,False,2026-04-24T13:30:48Z,2026-05-12T14:00:00Z,Ministry of Finance,Department of Financial Services,SBIRO62304.BUY_CON1,home_lawe_secu_lock_safe
9310438,GEM/2026/R/665770,GEM/2026/B/7359948,RA,Promotional/Merchandise/ Office Gifting Printing Service,Promotional/Merchandise/ Office Gifting Printing Service,13509,1,2,0,False,False,2026-05-11T12:00:00Z,2026-05-12T13:57:55Z,Ministry of Defence,Department of Military Affairs,Dlogovenduruthy,services_home_prin_pr82537447
9274873,GEM/2026/B/7490946,,Bid,"AIR CLEANER,SPARK PLUG,BEARING,SHROUD FAN,CENTER BOLT KIT,TAIL LIGHT ASSY,Air filter Assy,Air filte","AIR CLEANER,SPARK PLUG,BEARING,SHROUD FAN,CENTER BOLT KIT,TAIL LIGHT ASSY,Air filter Assy,Air filter Assy,KIT FUEL FILTER,ASSY HOSE AIR INTAKE,HOSE OIL SEPRATOR,OIL FILTER CARTRIDGE,KIT AIR COMPRESSOR CONSISTS OF,KIT REAR SUSPENSION,BUSH SHOCK ABS,HOSE VENTILATOR FUEL TANK,CLUTCH RELEASE BEARING,CABLE ASSY,TRAFFICATOR ASSY FRONT,RELAY MAIN AND FUEL,IGNITION COIL,RUBBER BELLOW CARBURETTOR,BEARING NEEDLE,PIPE ASSY METAL PIPE AIR SUPPLY,PIPE PLASTIC,SPEEDO CABLE,DISK FRONT BRAKE,AIR DRYER ASSY,DRAG LINK ASSY COMPLETE",60,29,2,0,False,True,2026-04-30T12:55:33Z,2026-05-12T13:00:00Z,Ministry of Defence,Department of Military Affairs,smredekar2,home_boq_boql_boql_boq
9280070,GEM/2026/B/7495626,,Bid,"Seal,Fuel Pipe Line,Sleeve Rubber,Fuel Filter Primary,Eng Mtg Pad,Plunger","Seal,Fuel Pipe Line,Sleeve Rubber,Fuel Filter Primary,Eng Mtg Pad,Plunger",27,6,2,0,False,True,2026-05-02T12:19:01Z,2026-05-12T13:00:00Z,Ministry of Defence,Department of Military Affairs,buycon4425.ia.pb@gembuyer.in,home_boq_boql_boql_boq
9279984,GEM/2026/B/7495548,,Bid,"HOSE CONNECTION,HOSE CONNECTION,HOSE RUBBER,HOSE RUBBER,PIPE LINE,HOSE 40U 30-13,HOSE CONNECTION,HO","HOSE CONNECTION,HOSE CONNECTION,HOSE RUBBER,HOSE RUBBER,PIPE LINE,HOSE 40U 30-13,HOSE CONNECTION,HOSE RUBBER EC",15,8,2,0,False,True,2026-05-02T12:27:26Z,2026-05-12T13:00:00Z,Ministry of Defence,Department of Military Affairs,Wksp5,home_boq_boql_boql_boq
9279965,GEM/2026/B/7495531,,Bid,Leasing of Electric Vehicles (Long Term) for Delhi Govt. Users - Wet Lease; Tata Nexon Fearless 45 ,Leasing of Electric Vehicles (Long Term) for Delhi Govt. Users - Wet Lease; Tata Nexon Fearless 45 EV; 2400 KMs & 300 Hours; White,1,1,2,0,False,False,2026-05-02T12:48:45Z,2026-05-12T13:00:00Z,,Training and Technical Education Department Delhi,buyerso@coa,home_le61466523
9280599,GEM/2026/B/7496097,,Bid,POP UP TGT TROLLEY,POP UP TGT TROLLEY,1,1,2,1,False,False,2026-05-02T12:59:50Z,2026-05-12T13:00:00Z,Ministry of Defence,Department of Defence,Dharmendra@1547,home_univ_univ_univ_univ
9280588,GEM/2026/B/7496089,,Bid,"ENGINE MOUNTING PAD,COVER ASSY CLUTCH,OIL FILTER ELEMENT,FUEL FILTER ELEMENT,WIPER BLADE FRT,WIPER ","ENGINE MOUNTING PAD,COVER ASSY CLUTCH,OIL FILTER ELEMENT,FUEL FILTER ELEMENT,WIPER BLADE FRT,WIPER BLADE REAR,CLUTCH MASTER CYL ASSY,ENG GASKET AND OIL SEAL SET,CHAIN SPORCKET SET,PISTON ASSY,AIR FILTER ELEMENT,TIMING BELT,FUEL FILTER ELEMENT",25,13,2,0,False,True,2026-05-02T12:56:12Z,2026-05-12T13:00:00Z,Ministry of Defence,Department of Military Affairs,wkspoffr870,home_boq_boql_boql_boq
9280501,GEM/2026/B/7496009,,Bid,"locking nut,needle roller bearing,ball bearing,gear shaft kit,gear sleeve,gear out out hight shaft,","locking nut,needle roller bearing,ball bearing,gear shaft kit,gear sleeve,gear out out hight shaft,shaft reacturner,shaft conector,fly wheel engine,gasket,pressure plate,clutch plate,clutch release bearing,clutch cyl repair kit,brake booster repair kit,assy clutch master cyl,sleeve cyl assy,water pump,bearing rear axle,connection hose,drainn hose",45,21,2,0,False,True,2026-05-02T12:43:25Z,2026-05-12T13:00:00Z,Ministry of Defence,Department of Military Affairs,Multan72aw,home_boq_boql_boql_boq
9280458,GEM/2026/B/7495970,,Bid,Water Quality Meters / Analyzers,Water Quality Meters / Analyzers,1,1,2,0,False,False,2026-05-02T12:36:03Z,2026-05-12T13:00:00Z,,Department of Panchayati Raj,PR-GUDEWADI-FFC-V-MGR,home_labo_meas_el82436103_wate
9280446,GEM/2026/B/7495959,,Bid,"SUPPORT BRKT FOR AIP ON FRAME,AIR FILTER ELEMENT,ASSY OIL FILTER,ASSY UNIVERSAL JOINT,ASSY UNIVERSA","SUPPORT BRKT FOR AIP ON FRAME,AIR FILTER ELEMENT,ASSY OIL FILTER,ASSY UNIVERSAL JOINT,ASSY UNIVERSAL JOINT YOKE,ALTERNATOR BELT,TIMING BELT,CARBURATOR ASSY VM 24,INTAKE MANIFOLD WITH GASKET,WIND SHIELD GLASS LH,WIND SHIELD GLASS RH",17,11,2,0,False,True,2026-05-02T12:36:48Z,2026-05-12T13:00:00Z,Ministry of Defence,Department of Military Affairs,ADMOFFR814,home_boq_boql_boql_boq
9280391,GEM/2026/B/7495909,,Bid,"CLUTCH PLATE 420 210GSW,FAN BELT,CYL ASSY MASTER WITH BOOSTER,BELT TIMING,RELEASE BEARING,MAIN CYLI","CLUTCH PLATE 420 210GSW,FAN BELT,CYL ASSY MASTER WITH BOOSTER,BELT TIMING,RELEASE BEARING,MAIN CYLINDER DIA 22.2,ASSY CLUTCH PRESSURE PLATE,PRESSURE PLATE ASSY,MUFFLER EXHAUST,O RING SPARK PLUG,ASSY OIL FILTER TATA SAFARI,AIR FILTER ELEMENT,ASSY FUEL FILTER,SEPARATOR FUEL FILTER,BRAKE HOSE FRONT,GEAR LEVER BUSH KIT,COGGED V BELT 1325 MM LONG,SOLENOID VALVE ASSY,WATER PUMP ASSY,BELT WATER PUMP,HANDLE DOOR RH,BEARING ROLLER CYLINDRICAL,BEARING ROLLER NEEDLE,HOSE X-1946050,AIR PRESSURE GOVERNER",34,25,2,0,False,True,2026-05-02T12:37:40Z,2026-05-12T13:00:00Z,Ministry of Defence,Department of Military Affairs,Basera@21,home_boq_boql_boql_boq
9280297,GEM/2026/B/7495825,,Bid,"SILENCER ASSY,BRAKE SHOE ASSY,PAD,OIL SEAL,STEERING PUMP ASSY,KIT PAD ASSY FRONT,DRIVE ASSY,DRIVEN ","SILENCER ASSY,BRAKE SHOE ASSY,PAD,OIL SEAL,STEERING PUMP ASSY,KIT PAD ASSY FRONT,DRIVE ASSY,DRIVEN PLATE FOR CLUTCH,GENERATOR ASSY,ASSY CABLE COMPLETE,VOLTAGE REGULATOR,ASSY OIL FILTER,BRAKE PAD,BULB 12H7 55W,PRESSURE CAP RADIATOR,WIPER BLADE FRONT,WIPER CO DVR",25,17,2,0,False,True,2026-05-02T12:17:24Z,2026-05-12T13:00:00Z,Ministry of Defence,Department of Military Affairs,Durgakarri,home_boq_boql_boql_boq
9280293,GEM/2026/B/7495822,,Bid,AMC / CMC of Fire Extinguishers - Storage; Water Based Fire Extinguisher,"AMC / CMC of Fire Extinguishers - Storage; Water Based Fire Extinguisher,AMC / CMC of Fire Extinguishers - Storage; Water Based Fire Extinguisher,AMC / CMC of Fire Extinguishers - Storage; Water Based Fire Extinguisher,AMC / CMC of Fire Extinguishers - Storage; Water Based Fire Extinguisher,AMC / CMC of Fire Extinguishers - Storage; Water Based Fire Extinguisher,AMC / CMC of Fire Extinguishers - Storage; Water Based Fire Extinguisher,AMC / CMC of Fire Extinguishers - Storage; Water Based Fire Extinguisher",7,1,2,0,False,False,2026-05-02T12:52:13Z,2026-05-12T13:00:00Z,Ministry of Consumer Affairs Food and Public Distribution,Department of Food and Public Distribution,mgrvsmysorka,services_home_amcc_amcc
9280290,GEM/2026/B/7495819,,Bid,Diesel Exhaust Fluid ISI marked to IS 17042,Diesel Exhaust Fluid ISI marked to IS 17042,4,1,2,0,False,False,2026-05-02T12:22:49Z,2026-05-12T13:00:00Z,,Roads and Buildings Department Gujarat,exemec1-vad-rnb@gujarat.gov.in,home_ve66014551_tran_exha_dies
9280242,GEM/2026/B/7495778,,Bid,"Z1, MISC-DCH-NK-006, CU AND UU 4 PIN CONNECTOR FITTED IN CU,Z1, MISC-DCH-NK-007, CU TO UU AND SLIPR","Z1, MISC-DCH-NK-006, CU AND UU 4 PIN CONNECTOR FITTED IN CU,Z1, MISC-DCH-NK-007, CU TO UU AND SLIPRING CABLE CONNECTOR,Z1, MISC-DCH-2740332020500925, CU 4 PIN MALE CONNECTOR,Z1, MISC-DCH-2740332018188925 3, ANR HEAD GEAR CABLE 2 MTR,Z1, 2720583101500924, DYNAMIC MICROPHONE M138 G",18,5,2,0,False,True,2026-05-02T12:04:58Z,2026-05-12T13:00:00Z,Ministry of Defence,Department of Military Affairs,ADJT6254,home_boq_boql_boql_boq
9280202,GEM/2026/B/7495743,,Bid,"ROD ASSY STEERING DRAG,PIPE EXHAUST CENTRE,BELT TIMING,RECTIFIER ASSY 24V,SLEEVE CYL REP KIT,FAN BE","ROD ASSY STEERING DRAG,PIPE EXHAUST CENTRE,BELT TIMING,RECTIFIER ASSY 24V,SLEEVE CYL REP KIT,FAN BELT,OIL FILTER,ROLLER BEARING INNER,OIL FILTER,CALIPER PAD ASSY,ELEMENT KIT FUEL FILTER,PARTICLE FILTER,ELEMENT AIR CLEANER,OIL FILTER,BLADE WIPER FRONT",28,15,2,0,False,True,2026-05-02T12:01:52Z,2026-05-12T13:00:00Z,Ministry of Defence,Department of Military Affairs,Ayu-83,home_boq_boql_boql_boq
9287160,GEM/2026/R/663666,GEM/2026/B/7453628,RA,Skin care & Cleansing Foam,Skin care & Cleansing Foam,7975,1,2,0,False,False,2026-05-05T22:00:00Z,2026-05-12T13:00:00Z,Ministry of Defence,Department of Military Affairs,OIC@ICW,home_appa_pers_bath_skin
9270746,GEM/2026/B/7487246,,Bid,Manpower Outsourcing Services - Minimum wage - Skilled; Graduate; Admin,Manpower Outsourcing Services - Minimum wage - Skilled; Graduate; Admin,1,1,2,0,False,False,2026-05-02T12:27:58Z,2026-05-12T13:00:00Z,Ministry of Defence,Department of Military Affairs,MEDSTORE99,services_home_manp_manp
9270692,GEM/2026/B/7487200,,Bid,Manpower Outsourcing Services - Minimum wage - Unskilled; Middle School; Healthcare,Manpower Outsourcing Services - Minimum wage - Unskilled; Middle School; Healthcare,1,1,2,0,False,False,2026-05-02T12:21:30Z,2026-05-12T13:00:00Z,Ministry of Defence,Department of Military Affairs,MEDSTORE99,services_home_manp_manp
9270538,GEM/2026/B/7487063,,Bid,Manpower Outsourcing Services - Minimum wage - Unskilled; Middle School; Others,Manpower Outsourcing Services - Minimum wage - Unskilled; Middle School; Others,1,1,2,0,False,False,2026-05-02T12:15:46Z,2026-05-12T13:00:00Z,Ministry of Defence,Department of Military Affairs,MEDSTORE99,services_home_manp_manp
9249999,GEM/2026/B/7468628,,Bid,All in One PC (V2),All in One PC (V2),1,1,2,0,False,False,2026-04-23T12:29:38Z,2026-05-12T13:00:00Z,Ministry of Railways,Indian Railways,suresh@kumar,home_info_comp_comp_al55870105
9262166,GEM/2026/B/7479502,,Bid,"TRANSMISSION OIL FILTER,FUEL FILTER ELEMENT,OIL FILTER,ZINC ANODE CORASIVE,ZINC ANODES,IMPELLER PUM","TRANSMISSION OIL FILTER,FUEL FILTER ELEMENT,OIL FILTER,ZINC ANODE CORASIVE,ZINC ANODES,IMPELLER PUMP,SEAL SEA WATER PUMP",100,7,2,0,False,True,2026-04-28T18:01:38Z,2026-05-12T13:00:00Z,Ministry of Defence,Department of Military Affairs,TSS212@,home_boq_boql_boql_boq
9261946,GEM/2026/B/7479306,,Bid,Monthly Basis Cab & Taxi Hiring Services - Sedan; 1500 KMX 600 Hours ((0400-2400); Local,Monthly Basis Cab & Taxi Hiring Services - Sedan; 1500 KMX 600 Hours ((0400-2400); Local,1,1,2,0,False,False,2026-04-27T15:37:55Z,2026-05-12T13:00:00Z,Ministry of Information and Broadcasting,Ministry of Information and Broadcasting,rssahu,services_home_ve54336454_mont
9261347,GEM/2026/B/7478789,,Bid,"AC PCB,FACIAL KIT SILVER GOLDEN,FACE PACK,FACE POWDER,MOBIL OIL PER LTR,GREASE PER KG,WALL PAINT PE","AC PCB,FACIAL KIT SILVER GOLDEN,FACE PACK,FACE POWDER,MOBIL OIL PER LTR,GREASE PER KG,WALL PAINT PER LTR,FACE BLEACH,STREET LIGHT 50WATT,HAIR COLOUR,NAIL PAINT,LIPISTICK,COTTON 500GM,PRINTED CLOTH PER MTR,WHITE CLOTH PER MTR,SEWING MACHINE REPAIRING,WALL PUTTY PER KG,WHITE PAINT PER LTR,NAIL PAINT REMOVER,BRUSH 4 INCH,COMERCIAL SEWING MACHINE NEEDLE PER PKT,6 INCH PATTI,COPPER WIRE 2.5MM PER COIL 90MTR,COPPER WIRE 1.5MM PER COIL 90MTR,PVC GARDEN PIPE 3-4 INCH PER BUNDLE,COPPER WIRE 1MM PER COIL 90MTR,CASING CAPING 25MM PER LENTH,HAIR OIL 200ML,MCB 63A,MILTON CHALK,A4 PAPER PER PKT,MACHINE OIL PER LTR,COPPER WIRE 4MM PER COIL 90MTR,THREAD MULTICOLOUR,DOOR CURTAINS 7 X 4,EYEBRO THREDING DAGA,WIRE 6MM PER COIL 90MTR,COPPER PIPE 5-8 PER MTR,COPPER PIPE 1-4 PER MTR,HAND MEHNDI,MODULAR SINGLE WAY SWITCH 6A,TRANSFORMER 9-0-9 500MI,MODULAR SOCKET 6A,TRANSFORMER 6-0-6 500MI,PVC TAPE 19MM,MODULAR SOCKET 16A,MODULAR SWITCH 16A,SEEK JHADU,PHOOL JHADU,PHENYL 1LTR,HARPIC TOILET CLEANER 500ML,DUSTBIN BIG,PLASTIC MUG,PLASTIC",6526,99,2,0,False,True,2026-04-27T12:32:19Z,2026-05-12T13:00:00Z,,Vocational Education and Skill Development Department Uttar Pradesh,Vivek@416,home_boq_boql_boql_boq
9246703,GEM/2026/B/7465639,,Bid,Event or Seminar or Workshop or Exhibition or Expo Management Service - National; Theme Based Event,"Event or Seminar or Workshop or Exhibition or Expo Management Service - National; Theme Based Events; Conceptualization and Planning, Complete Execution of Activity, IT related work; Third-party premise; Three day",1,1,2,0,False,False,2026-04-22T14:53:49Z,2026-05-12T13:00:00Z,,Tourism Department Uttarakhand,Tourism_Chamoli,services_home_ev80610203_even
9280202,GEM/2026/B/7495743,,Bid,"ROD ASSY STEERING DRAG,PIPE EXHAUST CENTRE,BELT TIMING,RECTIFIER ASSY 24V,SLEEVE CYL REP KIT,FAN BE","ROD ASSY STEERING DRAG,PIPE EXHAUST CENTRE,BELT TIMING,RECTIFIER ASSY 24V,SLEEVE CYL REP KIT,FAN BELT,OIL FILTER,ROLLER BEARING INNER,OIL FILTER,CALIPER PAD ASSY,ELEMENT KIT FUEL FILTER,PARTICLE FILTER,ELEMENT AIR CLEANER,OIL FILTER,BLADE WIPER FRONT",28,15,2,0,False,True,2026-05-02T12:01:52Z,2026-05-12T13:00:00Z,Ministry of Defence,Department of Military Affairs,Ayu-83,home_boq_boql_boql_boq
9310526,GEM/2026/R/665776,GEM/2026/B/7277660,RA,Multimedia Projector (MMP),Multimedia Projector (MMP),4,1,2,0,False,False,2026-05-11T13:00:00Z,2026-05-12T13:00:00Z,Ministry of Defence,Department of Military Affairs,LPOFFR,home_prin_audi_proj_2805
9309301,GEM/2026/R/665659,GEM/2026/B/7373006,RA,"Health Faucet,Bathroom Water Shower (V2),Waste Fittings for Washbasin and Sinks as per IS 2963,Wast","Health Faucet,Bathroom Water Shower (V2),Waste Fittings for Washbasin and Sinks as per IS 2963,Waste Fittings for Washbasin and Sinks as per IS 2963,Bathroom or Toilet Mirror (V3)",432,5,2,0,False,False,2026-05-10T14:00:00Z,2026-05-12T13:00:00Z,Ministry of Defence,Department of Military Affairs,sbso825@cweranchi,"home_stru_plum_fa18486036_heal,home_stru_plum_sani_ba28166822,home_dist_flui_hard_wast,home_dome_do65723251_bath_ba41273766"
9308895,GEM/2026/B/7521620,,Bid,"Catering Service per Packet based - Veg; Breakfast, Lunch, Snacks/High, Dinner, Tea; Special Thali","Catering Service per Packet based - Veg; Breakfast, Lunch, Snacks/High, Dinner, Tea; Special Thali",6300,1,2,0,False,False,2026-05-09T12:53:06Z,2026-05-12T13:00:00Z,Ministry of Defence,Department of Defence,82upbnncc,services_home_rest_ca11785255
9246703,GEM/2026/B/7465639,,Bid,Event or Seminar or Workshop or Exhibition or Expo Management Service - National; Theme Based Event,"Event or Seminar or Workshop or Exhibition or Expo Management Service - National; Theme Based Events; Conceptualization and Planning, Complete Execution of Activity, IT related work; Third-party premise; Three day",1,1,2,0,False,False,2026-04-22T14:53:49Z,2026-05-12T13:00:00Z,,Tourism Department Uttarakhand,Tourism_Chamoli,services_home_ev80610203_even
9241174,GEM/2026/B/7460558,,Bid,1/8 L TYPE LEVEL INDICATOR,1/8 L TYPE LEVEL INDICATOR,5,1,2,1,False,False,2026-04-21T12:12:33Z,2026-05-12T13:00:00Z,Ministry of Chemicals and Fertilizers,Department of Fertilizers,buyer9.mfl.chennai,home_univ_univ_univ_univ
9295013,GEM/2026/B/7509005,,Bid,Event or Seminar or Workshop or Exhibition or Expo Management Service - National; U Shape meeting a,"Event or Seminar or Workshop or Exhibition or Expo Management Service - National; U Shape meeting arrangement; Conceptualization and Planning, IT related work, Coordination and Staffing, Venue Development, Complete Execution of Activity; Third-party ..",1,1,2,0,False,False,2026-05-07T19:38:02Z,2026-05-12T13:00:00Z,Ministry of Water Resources River Development and Ganga Rejuvenation,NA,bedanga,services_home_ev80610203_even
9249999,GEM/2026/B/7468628,,Bid,All in One PC (V2),All in One PC (V2),1,1,2,0,False,False,2026-04-23T12:29:38Z,2026-05-12T13:00:00Z,Ministry of Railways,Indian Railways,suresh@kumar,home_info_comp_comp_al55870105
9255293,GEM/2026/B/7473485,,Bid,METOPROLOL SUCCINATE EXTENDED RELEASE 25 MG TABLET,METOPROLOL SUCCINATE EXTENDED RELEASE 25 MG TABLET,180000,1,2,1,False,False,2026-05-02T12:35:19Z,2026-05-12T13:00:00Z,Ministry of Defence,Department of Military Affairs,REGISTRAR@7AFH,home_univ_univ_univ_univ
9306708,GEM/2026/R/665349,GEM/2026/B/7420779,RA,Custom Bid for Services - ARC FOR SUPPLY OF FRESH WATER TO ICG SHIPS AT ICGG JETTY VADINAR,Custom Bid for Services - ARC FOR SUPPLY OF FRESH WATER TO ICG SHIPS AT ICGG JETTY VADINAR,1,1,2,0,False,False,2026-05-09T18:00:00Z,2026-05-12T12:26:30Z,Ministry of Defence,Department of Defence,Rahul.1234,services_home_cust
